Age,Job,Credit amount,Duration,Sex_female,Housing_free,Housing_own,Housing_rent,Saving accounts_Missing,Saving accounts_little,Saving accounts_moderate,Saving accounts_quite rich,Saving accounts_rich,Purpose_business,Purpose_car,Purpose_domestic appliances,Purpose_education,Purpose_furniture/equipment,Purpose_radio/TV,Purpose_repairs,Purpose_vacation/others,Risk
30,2,2862,36,0,1,0,0,0,0,1,0,0,0,1,0,0,0,0,0,0,False
27,2,3123,24,1,0,1,0,0,1,0,0,0,0,1,0,0,0,0,0,0,True
24,3,7408,60,1,0,1,0,0,0,1,0,0,0,1,0,0,0,0,0,0,True
25,2,1264,15,0,0,0,1,0,0,1,0,0,0,1,0,0,0,0,0,0,True
24,2,1554,6,1,0,0,1,0,1,0,0,0,0,0,0,0,0,1,0,0,False
27,2,3652,21,0,0,1,0,0,1,0,0,0,1,0,0,0,0,0,0,0,False
46,2,3931,48,0,1,0,0,0,1,0,0,0,0,1,0,0,0,0,0,0,True
40,1,1361,6,0,0,1,0,0,1,0,0,0,0,1,0,0,0,0,0,0,False
43,2,1203,6,0,0,1,0,0,0,1,0,0,0,1,0,0,0,0,0,0,False
45,3,3527,12,0,0,1,0,1,0,0,0,0,0,1,0,0,0,0,0,0,False
25,2,7855,36,1,0,1,0,0,1,0,0,0,0,1,0,0,0,0,0,0,True
29,2,3357,21,1,0,1,0,0,0,0,0,1,0,0,0,0,0,1,0,0,False
37,2,2100,18,0,0,1,0,0,1,0,0,0,0,0,0,0,0,1,0,0,True
29,2,1169,18,0,0,1,0,1,0,0,0,0,0,0,0,0,0,1,0,0,False
31,3,8947,36,0,0,1,0,1,0,0,0,0,0,1,0,0,0,0,0,0,False
23,1,1936,18,0,0,0,1,1,0,0,0,0,0,0,0,0,0,1,0,0,False
38,2,3512,24,0,0,1,0,0,0,1,0,0,0,1,0,0,0,0,0,0,False
36,3,6967,24,0,0,0,1,0,0,1,0,0,1,0,0,0,0,0,0,0,False
30,3,2333,30,0,0,1,0,0,0,0,1,0,0,0,0,0,0,1,0,0,False
20,2,2039,18,1,0,0,1,0,1,0,0,0,0,0,0,0,1,0,0,0,True
24,2,9271,36,0,0,1,0,0,1,0,0,0,0,1,0,0,0,0,0,0,True
36,1,1572,21,1,0,1,0,0,0,0,0,1,1,0,0,0,0,0,0,0,False
22,1,454,6,0,0,1,0,0,1,0,0,0,0,0,0,0,0,0,1,0,False
36,2,6304,36,0,0,1,0,1,0,0,0,0,1,0,0,0,0,0,0,0,False
43,2,2197,24,0,0,1,0,1,0,0,0,0,0,1,0,0,0,0,0,0,False
46,3,7629,48,0,0,1,0,1,0,0,0,0,1,0,0,0,0,0,0,0,False
23,2,1275,10,1,0,1,0,0,1,0,0,0,0,0,0,0,1,0,0,0,False
53,2,7119,48,0,1,0,0,0,1,0,0,0,0,0,0,0,1,0,0,0,True
44,3,12579,24,1,1,0,0,0,1,0,0,0,0,1,0,0,0,0,0,0,True
21,2,2779,18,0,0,0,1,0,1,0,0,0,0,1,0,0,0,0,0,0,False
42,1,1503,4,0,0,1,0,0,1,0,0,0,0,0,0,0,0,1,0,0,False
24,2,1237,8,1,0,1,0,0,1,0,0,0,0,0,0,0,1,0,0,0,True
38,2,3914,48,0,0,1,0,1,0,0,0,0,1,0,0,0,0,0,0,0,True
32,2,3062,24,0,0,0,1,0,0,0,1,0,0,0,0,0,1,0,0,0,False
61,3,1953,36,0,1,0,0,0,1,0,0,0,1,0,0,0,0,0,0,0,True
22,2,3832,30,0,0,1,0,0,1,0,0,0,0,0,0,0,1,0,0,0,False
56,2,1538,6,1,0,1,0,0,1,0,0,0,0,0,0,1,0,0,0,0,False
29,2,2108,6,0,0,0,1,0,1,0,0,0,0,0,0,0,0,1,0,0,False
49,2,428,6,1,0,1,0,0,1,0,0,0,0,0,0,0,1,0,0,0,False
30,3,4455,36,0,0,1,0,0,1,0,0,0,1,0,0,0,0,0,0,0,True
33,2,2319,21,0,0,0,1,0,1,0,0,0,0,0,0,1,0,0,0,0,True
44,2,1163,12,0,0,1,0,0,0,0,1,0,0,1,0,0,0,0,0,0,False
52,2,936,9,0,0,1,0,0,0,0,1,0,0,0,0,1,0,0,0,0,False
25,0,2473,18,0,0,1,0,0,1,0,0,0,0,0,0,0,1,0,0,0,True
34,1,1569,15,0,0,1,0,0,0,1,0,0,0,0,0,0,0,1,0,0,False
34,3,3017,12,1,0,0,1,0,1,0,0,0,0,0,0,0,1,0,0,0,False
49,2,2331,12,0,0,1,0,1,0,0,0,0,0,0,0,0,0,1,0,0,False
49,1,2096,12,0,0,1,0,0,1,0,0,0,0,0,0,1,0,0,0,0,False
39,1,1037,12,0,0,1,0,0,0,1,0,0,1,0,0,0,0,0,0,0,False
50,2,1236,6,0,0,0,1,0,0,0,1,0,0,1,0,0,0,0,0,0,False
35,2,4151,24,0,0,1,0,0,0,1,0,0,0,0,0,0,1,0,0,0,False
27,2,3609,48,1,0,1,0,0,1,0,0,0,1,0,0,0,0,0,0,0,False
29,3,1412,12,1,0,1,0,0,1,0,0,0,1,0,0,0,0,0,0,0,False
40,1,3939,11,0,0,1,0,0,1,0,0,0,0,1,0,0,0,0,0,0,False
66,3,1526,12,0,1,0,0,0,1,0,0,0,0,1,0,0,0,0,0,0,False
40,2,2675,22,0,0,1,0,0,0,0,1,0,0,0,0,0,0,1,0,0,False
28,2,4221,30,1,0,1,0,0,1,0,0,0,1,0,0,0,0,0,0,0,False
63,2,2924,24,0,0,1,0,0,1,0,0,0,0,1,0,0,0,0,0,0,False
28,2,1817,18,1,0,1,0,0,1,0,0,0,0,0,0,0,1,0,0,0,False
37,2,1225,10,0,0,1,0,0,1,0,0,0,0,0,1,0,0,0,0,0,False
46,2,1845,15,1,0,0,1,0,1,0,0,0,0,0,0,0,1,0,0,0,False
41,1,250,6,1,0,1,0,0,0,0,0,1,0,1,0,0,0,0,0,0,False
23,1,660,6,0,0,0,1,0,0,0,1,0,0,0,0,0,0,0,1,0,False
27,0,709,6,0,0,1,0,0,0,0,0,1,0,1,0,0,0,0,0,0,False
43,3,15857,36,0,0,1,0,0,1,0,0,0,0,0,0,0,0,0,0,1,False
34,1,1837,24,1,1,0,0,0,1,0,0,0,0,0,0,1,0,0,0,0,True
28,1,1797,13,0,0,1,0,0,1,0,0,0,1,0,0,0,0,0,0,0,False
23,2,448,6,1,0,1,0,0,1,0,0,0,0,0,0,1,0,0,0,0,True
25,2,3213,18,0,0,0,1,0,0,0,1,0,0,0,0,0,0,1,0,0,False
33,1,2579,12,0,0,1,0,0,1,0,0,0,0,1,0,0,0,0,0,0,True
35,2,1198,6,1,1,0,0,0,1,0,0,0,0,0,0,1,0,0,0,0,True
29,2,5003,21,1,0,1,0,1,0,0,0,0,0,1,0,0,0,0,0,0,True
29,1,2333,24,0,0,1,0,1,0,0,0,0,0,0,0,0,1,0,0,0,False
36,2,1262,15,0,0,1,0,0,0,0,1,0,0,0,1,0,0,0,0,0,False
40,1,1155,12,0,0,1,0,0,1,0,0,0,0,0,0,0,0,1,0,0,False
40,2,894,10,1,0,1,0,1,0,0,0,0,0,0,0,1,0,0,0,0,False
42,2,3331,12,0,0,1,0,0,1,0,0,0,0,0,0,0,1,0,0,0,False
26,1,1113,18,1,0,1,0,0,1,0,0,0,0,0,0,0,0,1,0,0,False
41,1,719,12,0,0,1,0,0,1,0,0,0,0,0,0,1,0,0,0,0,True
34,3,2064,24,1,0,1,0,0,1,0,0,0,0,0,0,0,1,0,0,0,True
49,1,3656,30,0,0,1,0,1,0,0,0,0,0,0,0,0,0,1,0,0,False
75,3,6615,24,0,1,0,0,0,1,0,0,0,0,1,0,0,0,0,0,0,False
38,3,3229,18,0,0,1,0,1,0,0,0,0,0,1,0,0,0,0,0,0,False
28,2,3343,15,0,1,0,0,0,1,0,0,0,0,0,0,0,1,0,0,0,False
31,1,3108,30,0,0,1,0,0,1,0,0,0,0,0,0,0,1,0,0,0,True
24,2,458,9,0,0,1,0,0,1,0,0,0,0,0,0,0,0,1,0,0,False
35,2,1471,15,0,1,0,0,0,1,0,0,0,0,0,0,0,0,1,0,0,False
40,2,1322,11,1,0,1,0,0,0,0,0,1,0,1,0,0,0,0,0,0,False
48,2,1288,9,0,0,1,0,0,0,1,0,0,0,0,0,0,0,0,1,0,False
30,2,707,12,0,0,1,0,0,1,0,0,0,0,0,0,0,0,1,0,0,False
38,1,1308,15,0,0,1,0,0,1,0,0,0,0,0,0,0,0,0,1,0,False
33,2,3074,9,0,0,1,0,1,0,0,0,0,0,0,0,0,0,1,0,0,False
23,2,2511,15,1,0,0,1,0,1,0,0,0,0,1,0,0,0,0,0,0,False
30,2,1740,6,0,0,0,1,0,1,0,0,0,0,0,0,0,0,1,0,0,False
29,1,1123,12,1,0,0,1,0,0,0,1,0,0,0,0,0,1,0,0,0,True
20,2,1577,11,1,0,1,0,0,0,0,0,1,0,0,0,0,1,0,0,0,False
23,2,1845,45,0,1,0,0,0,1,0,0,0,0,0,0,0,0,1,0,0,True
30,1,2028,24,0,0,1,0,0,1,0,0,0,0,0,0,0,1,0,0,0,False
42,3,8318,27,1,1,0,0,0,1,0,0,0,1,0,0,0,0,0,0,0,True
25,2,1295,12,1,0,0,1,0,1,0,0,0,0,1,0,0,0,0,0,0,True
39,3,11938,24,0,0,1,0,0,1,0,0,0,0,0,0,0,0,0,0,1,True
37,2,1819,36,0,1,0,0,0,1,0,0,0,0,0,0,1,0,0,0,0,True
44,2,1478,15,0,0,1,0,0,1,0,0,0,0,0,0,0,1,0,0,0,False
43,1,1516,24,1,0,1,0,0,0,0,0,1,0,0,0,0,0,1,0,0,False
25,2,2136,9,0,0,1,0,0,1,0,0,0,0,0,0,0,1,0,0,0,False
23,2,3812,15,1,0,1,0,0,0,1,0,0,0,1,0,0,0,0,0,0,False
36,2,4165,18,0,0,1,0,0,1,0,0,0,1,0,0,0,0,0,0,0,True
43,2,4057,24,0,0,1,0,0,1,0,0,0,0,0,0,0,1,0,0,0,True
44,2,10127,48,0,1,0,0,0,0,0,1,0,0,1,0,0,0,0,0,0,True
28,1,484,6,0,0,1,0,0,1,0,0,0,0,0,0,0,0,1,0,0,False
42,2,6288,60,0,1,0,0,0,1,0,0,0,0,0,0,1,0,0,0,0,True
55,2,6872,24,0,0,1,0,0,1,0,0,0,0,0,0,0,1,0,0,0,True
31,2,1532,15,1,0,1,0,0,0,1,0,0,0,0,0,1,0,0,0,0,False
48,2,2134,9,0,0,1,0,0,1,0,0,0,0,1,0,0,0,0,0,0,False
20,3,1107,12,0,0,0,1,0,1,0,0,0,0,0,0,0,0,1,0,0,False
39,2,2212,20,0,0,1,0,1,0,0,0,0,0,0,0,0,1,0,0,0,False
20,2,3186,15,1,0,0,1,0,0,0,0,1,0,1,0,0,0,0,0,0,False
35,1,10722,47,1,0,1,0,0,1,0,0,0,0,1,0,0,0,0,0,0,False
46,1,730,7,0,0,0,1,1,0,0,0,0,0,0,0,0,0,1,0,0,False
28,2,2073,12,1,0,1,0,0,0,1,0,0,0,0,0,0,0,1,0,0,False
65,2,571,21,0,0,1,0,0,1,0,0,0,0,1,0,0,0,0,0,0,False
36,2,2360,15,0,0,1,0,0,0,0,1,0,0,1,0,0,0,0,0,0,False
43,1,1344,12,0,0,1,0,0,1,0,0,0,0,1,0,0,0,0,0,0,False
30,3,7174,42,1,0,1,0,1,0,0,0,0,0,0,0,0,0,1,0,0,True
56,2,4796,42,0,1,0,0,0,1,0,0,0,0,1,0,0,0,0,0,0,False
34,2,3965,42,0,0,1,0,0,1,0,0,0,0,0,0,0,0,1,0,0,True
39,1,7228,11,0,0,1,0,0,1,0,0,0,0,1,0,0,0,0,0,0,False
38,2,1216,24,0,0,1,0,0,0,1,0,0,0,0,0,0,0,1,0,0,True
57,1,2748,12,1,1,0,0,0,1,0,0,0,0,0,0,1,0,0,0,0,False
55,3,9283,42,0,1,0,0,0,1,0,0,0,0,1,0,0,0,0,0,0,False
32,1,4526,27,0,0,1,0,0,0,0,0,1,0,0,0,0,1,0,0,0,False
26,2,5248,21,0,0,1,0,1,0,0,0,0,0,1,0,0,0,0,0,0,False
26,2,3181,24,1,0,1,0,0,1,0,0,0,0,0,0,0,0,1,0,0,False
54,2,717,24,0,0,1,0,1,0,0,0,0,0,1,0,0,0,0,0,0,False
25,2,1262,12,0,0,1,0,0,1,0,0,0,0,0,0,0,0,1,0,0,False
39,3,1884,12,0,0,1,0,0,1,0,0,0,0,1,0,0,0,0,0,0,False
27,2,1924,18,1,0,0,1,1,0,0,0,0,0,0,0,0,1,0,0,0,True
50,3,7476,48,0,1,0,0,0,1,0,0,0,0,0,0,1,0,0,0,0,False
28,2,939,12,0,0,1,0,0,0,0,1,0,0,1,0,0,0,0,0,0,True
23,1,841,12,1,0,0,1,0,0,1,0,0,1,0,0,0,0,0,0,0,False
28,2,4113,24,1,0,0,1,0,0,0,1,0,0,1,0,0,0,0,0,0,True
25,2,5152,24,0,0,1,0,0,1,0,0,0,0,0,0,0,0,1,0,0,False
23,2,4281,33,1,0,1,0,0,0,0,1,0,0,0,0,0,1,0,0,0,True
22,2,1567,12,1,0,1,0,0,1,0,0,0,0,0,0,0,0,1,0,0,False
45,1,339,12,0,0,1,0,0,1,0,0,0,0,0,0,1,0,0,0,0,False
24,2,1275,15,1,0,0,1,1,0,0,0,0,0,0,1,0,0,0,0,0,True
30,2,639,12,0,0,1,0,0,1,0,0,0,0,0,0,0,0,0,1,0,True
39,2,2299,36,0,0,1,0,0,0,0,1,0,0,0,0,0,0,1,0,0,False
30,3,1823,24,0,0,1,0,0,1,0,0,0,0,0,0,0,0,1,0,0,True
42,3,7763,48,0,1,0,0,0,1,0,0,0,0,1,0,0,0,0,0,0,True
51,2,1595,6,0,0,1,0,0,1,0,0,0,0,0,0,0,0,1,0,0,False
58,1,385,12,1,0,1,0,0,1,0,0,0,0,0,0,0,0,1,0,0,False
28,2,776,12,0,0,1,0,0,1,0,0,0,0,0,0,0,0,1,0,0,False
30,2,3069,24,0,1,0,0,0,0,1,0,0,0,0,0,0,1,0,0,0,False
59,2,1364,9,0,0,1,0,0,1,0,0,0,0,0,0,0,0,1,0,0,False
27,2,1221,6,0,0,1,0,1,0,0,0,0,0,0,0,0,1,0,0,0,False
39,1,3398,8,0,0,1,0,0,1,0,0,0,0,1,0,0,0,0,0,0,False
42,2,4153,18,0,0,1,0,0,1,0,0,0,0,0,0,0,1,0,0,0,True
26,0,1778,15,1,0,0,1,0,1,0,0,0,0,1,0,0,0,0,0,0,True
23,2,1236,9,1,0,0,1,0,1,0,0,0,0,0,1,0,0,0,0,0,False
21,2,1766,6,0,0,0,1,0,1,0,0,0,0,0,0,0,1,0,0,0,False
25,2,8072,30,0,0,1,0,1,0,0,0,0,1,0,0,0,0,0,0,0,False
74,3,5129,9,1,1,0,0,0,1,0,0,0,0,1,0,0,0,0,0,0,True
27,2,8648,24,0,0,1,0,0,1,0,0,0,1,0,0,0,0,0,0,0,True
28,2,4169,24,0,0,1,0,0,1,0,0,0,0,0,0,0,1,0,0,0,False
43,2,1935,12,0,0,1,0,0,1,0,0,0,0,0,0,0,1,0,0,0,False
35,2,2397,24,0,0,1,0,0,0,0,1,0,0,0,0,0,0,1,0,0,True
43,1,1459,15,1,0,1,0,0,1,0,0,0,0,0,0,0,0,1,0,0,False
25,1,685,12,0,0,1,0,0,1,0,0,0,0,1,0,0,0,0,0,0,True
24,2,4605,48,0,1,0,0,0,1,0,0,0,0,1,0,0,0,0,0,0,True
28,2,2142,11,0,0,1,0,0,0,0,0,1,1,0,0,0,0,0,0,0,False
33,2,950,15,0,0,0,1,0,1,0,0,0,0,1,0,0,0,0,0,0,True
68,0,1175,16,0,1,0,0,0,1,0,0,0,0,1,0,0,0,0,0,0,False
23,2,1498,12,1,0,1,0,0,1,0,0,0,0,0,0,0,0,1,0,0,False
47,2,1984,18,0,1,0,0,0,1,0,0,0,0,0,0,0,1,0,0,0,False
42,2,3804,36,1,0,1,0,0,1,0,0,0,0,0,0,0,0,1,0,0,True
21,1,1987,24,0,0,0,1,0,1,0,0,0,0,0,0,0,0,1,0,0,True
27,1,4139,24,0,0,1,0,0,0,1,0,0,1,0,0,0,0,0,0,0,False
32,2,701,12,0,0,1,0,0,1,0,0,0,0,0,0,1,0,0,0,0,False
39,1,9436,54,0,0,1,0,1,0,0,0,0,0,1,0,0,0,0,0,0,False
24,2,3190,18,1,0,1,0,0,1,0,0,0,0,0,0,0,0,1,0,0,True
23,2,882,13,0,0,1,0,0,1,0,0,0,0,0,0,0,0,1,0,0,False
36,2,2760,24,0,1,0,0,1,0,0,0,0,0,1,0,0,0,0,0,0,False
20,2,2221,15,1,0,0,1,0,0,0,1,0,0,0,0,0,1,0,0,0,False
24,1,626,12,1,0,1,0,0,1,0,0,0,0,0,0,0,0,1,0,0,True
32,3,18424,48,1,0,1,0,0,1,0,0,0,0,0,0,0,0,0,0,1,True
47,1,1217,18,0,0,1,0,0,1,0,0,0,0,0,1,0,0,0,0,0,True
35,2,2576,7,0,0,1,0,0,1,0,0,0,0,0,0,0,0,1,0,0,False
44,2,2647,6,0,0,0,1,0,0,0,1,0,0,0,0,0,0,1,0,0,False
21,2,2570,27,1,0,0,1,0,1,0,0,0,0,1,0,0,0,0,0,0,True
31,2,3148,24,0,0,1,0,1,0,0,0,0,0,0,0,0,0,1,0,0,False
39,1,666,6,1,0,1,0,0,0,0,0,1,0,1,0,0,0,0,0,0,False
27,2,1185,12,1,0,1,0,0,1,0,0,0,1,0,0,0,0,0,0,0,False
38,2,5954,30,0,0,1,0,0,1,0,0,0,0,0,0,0,0,1,0,0,False
25,1,4746,45,0,0,1,0,0,1,0,0,0,0,0,0,0,0,1,0,0,True
47,2,1213,15,0,0,1,0,0,0,0,1,0,0,0,0,0,0,1,0,0,False
34,1,1898,6,0,0,1,0,1,0,0,0,0,0,0,0,0,0,1,0,0,False
24,1,11590,48,1,0,0,1,0,0,1,0,0,0,1,0,0,0,0,0,0,True
23,1,601,4,1,0,0,1,0,1,0,0,0,0,0,0,0,1,0,0,0,False
33,2,1245,18,0,0,1,0,0,1,0,0,0,0,0,0,0,0,1,0,0,True
31,2,5742,36,0,0,1,0,0,0,1,0,0,1,0,0,0,0,0,0,0,False
35,2,1410,14,0,0,1,0,0,0,0,1,0,1,0,0,0,0,0,0,0,False
23,2,900,12,0,0,1,0,1,0,0,0,0,0,1,0,0,0,0,0,0,True
52,1,362,6,1,0,1,0,0,0,1,0,0,0,1,0,0,0,0,0,0,False
35,2,1979,15,0,0,1,0,1,0,0,0,0,0,0,0,0,0,1,0,0,False
28,3,3349,36,1,0,1,0,0,1,0,0,0,0,0,0,0,1,0,0,0,True
33,1,797,12,1,0,1,0,1,0,0,0,0,0,0,0,0,0,1,0,0,True
29,2,518,6,1,0,1,0,0,1,0,0,0,0,0,0,0,0,1,0,0,False
45,2,2303,24,0,0,1,0,0,1,0,0,0,0,1,0,0,0,0,0,0,True
41,2,2712,36,0,0,1,0,0,1,0,0,0,0,0,0,0,1,0,0,0,True
33,2,1474,24,0,0,1,0,0,0,1,0,0,0,1,0,0,0,0,0,0,False
30,3,1820,18,0,0,1,0,0,1,0,0,0,0,1,0,0,0,0,0,0,False
33,2,1927,24,1,0,1,0,1,0,0,0,0,0,0,0,1,0,0,0,0,False
25,2,1433,15,1,0,0,1,0,1,0,0,0,0,0,0,0,1,0,0,0,False
47,1,958,12,0,0,1,0,0,1,0,0,0,0,1,0,0,0,0,0,0,False
45,1,3835,36,1,0,1,0,1,0,0,0,0,0,0,0,0,0,1,0,0,False
26,2,763,12,1,0,1,0,0,1,0,0,0,0,0,0,0,1,0,0,0,False
32,2,2978,6,0,0,1,0,0,0,0,1,0,0,0,0,0,1,0,0,0,False
35,2,1291,12,1,0,1,0,0,1,0,0,0,0,0,0,0,0,1,0,0,False
20,2,674,12,0,0,1,0,0,0,1,0,0,0,0,0,0,0,1,0,0,True
34,2,6527,60,0,1,0,0,1,0,0,0,0,0,1,0,0,0,0,0,0,False
35,2,976,12,0,0,1,0,1,0,0,0,0,0,0,0,0,0,1,0,0,False
37,1,3949,10,0,0,1,0,0,1,0,0,0,0,1,0,0,0,0,0,0,False
23,1,1048,10,0,0,1,0,0,1,0,0,0,0,0,0,0,0,1,0,0,False
35,3,2670,24,0,0,1,0,0,1,0,0,0,0,1,0,0,0,0,0,0,False
32,2,4583,30,0,0,1,0,0,1,0,0,0,0,0,0,0,1,0,0,0,False
44,2,2375,24,0,0,1,0,0,0,0,1,0,1,0,0,0,0,0,0,0,False
20,2,1282,12,1,0,0,1,0,1,0,0,0,0,0,0,0,1,0,0,0,True
62,2,3757,24,1,1,0,0,0,1,0,0,0,0,1,0,0,0,0,0,0,False
36,1,4241,24,0,0,1,0,0,1,0,0,0,1,0,0,0,0,0,0,0,True
29,3,6579,24,0,1,0,0,0,1,0,0,0,0,1,0,0,0,0,0,0,False
30,2,2121,12,0,0,1,0,0,1,0,0,0,0,1,0,0,0,0,0,0,False
29,2,2171,12,1,0,1,0,0,1,0,0,0,0,0,0,0,0,1,0,0,False
46,1,3594,15,1,0,1,0,0,1,0,0,0,0,1,0,0,0,0,0,0,False
32,3,4686,36,0,1,0,0,0,1,0,0,0,0,1,0,0,0,0,0,0,False
30,2,4657,15,0,0,1,0,0,1,0,0,0,0,1,0,0,0,0,0,0,False
45,3,8978,14,0,0,1,0,0,1,0,0,0,0,1,0,0,0,0,0,0,True
30,2,1055,18,1,0,1,0,0,1,0,0,0,0,1,0,0,0,0,0,0,False
54,2,3051,48,0,0,1,0,0,1,0,0,0,0,0,1,0,0,0,0,0,True
21,2,3441,30,1,0,0,1,0,0,1,0,0,0,0,0,0,1,0,0,0,True
33,2,5150,24,0,0,1,0,0,1,0,0,0,0,0,0,0,1,0,0,0,False
31,3,1963,12,0,0,0,1,0,1,0,0,0,0,0,0,0,0,1,0,0,False
40,0,3590,18,0,0,1,0,0,1,0,0,0,1,0,0,0,0,0,0,0,False
35,2,5842,36,0,0,1,0,0,1,0,0,0,0,1,0,0,0,0,0,0,False
41,1,1469,24,0,0,0,1,0,0,1,0,0,0,1,0,0,0,0,0,0,False
28,2,2603,24,1,0,0,1,0,0,0,0,1,0,1,0,0,0,0,0,0,False
31,2,3651,12,0,0,1,0,0,0,0,0,1,0,1,0,0,0,0,0,0,False
22,2,3149,24,0,1,0,0,0,1,0,0,0,0,0,0,0,1,0,0,0,False
23,2,4110,24,0,0,0,1,0,1,0,0,0,0,0,0,0,1,0,0,0,True
29,2,1437,9,0,0,1,0,0,0,1,0,0,0,1,0,0,0,0,0,0,True
47,2,1377,24,1,1,0,0,0,0,1,0,0,0,0,0,0,0,1,0,0,False
27,3,1422,9,0,1,0,0,0,1,0,0,0,0,1,0,0,0,0,0,0,True
57,2,3622,30,1,0,0,1,0,0,0,0,1,0,0,0,0,1,0,0,0,False
39,3,3345,24,0,0,0,1,0,1,0,0,0,0,0,0,0,1,0,0,0,True
26,1,625,12,0,0,1,0,0,1,0,0,0,0,0,0,0,0,1,0,0,False
19,1,983,12,1,0,0,1,0,0,0,0,1,0,0,0,0,1,0,0,0,False
25,2,2991,30,1,0,1,0,1,0,0,0,0,0,0,0,0,0,1,0,0,False
46,2,1149,18,0,0,1,0,0,0,0,0,1,0,0,0,0,0,1,0,0,False
22,1,276,9,0,0,0,1,0,1,0,0,0,0,1,0,0,0,0,0,0,False
25,2,1371,24,1,0,0,1,1,0,0,0,0,0,1,0,0,0,0,0,0,True
53,2,795,12,1,0,1,0,0,1,0,0,0,0,0,0,1,0,0,0,0,True
32,1,1282,24,1,0,1,0,0,0,1,0,0,0,0,0,0,0,1,0,0,True
38,2,368,6,0,0,1,0,1,0,0,0,0,0,0,0,0,0,1,0,0,False
25,2,1258,24,0,0,1,0,0,1,0,0,0,1,0,0,0,0,0,0,0,False
33,1,2186,15,1,0,0,1,1,0,0,0,0,0,0,0,0,1,0,0,0,False
53,2,2835,24,0,0,1,0,0,0,0,1,0,0,0,0,0,1,0,0,0,False
22,2,3632,24,1,0,0,1,0,1,0,0,0,0,1,0,0,0,0,0,0,False
26,2,1311,24,0,0,1,0,0,0,1,0,0,0,0,0,0,0,1,0,0,False
46,2,2348,36,0,0,1,0,0,1,0,0,0,0,0,0,0,1,0,0,0,False
24,2,433,6,1,0,0,1,0,0,0,0,1,0,0,0,1,0,0,0,0,True
29,2,3959,15,1,0,1,0,0,1,0,0,0,0,1,0,0,0,0,0,0,True
25,1,2631,15,1,0,1,0,0,0,1,0,0,0,0,0,0,0,0,1,0,False
26,2,2445,12,0,0,0,1,1,0,0,0,0,0,1,0,0,0,0,0,0,False
49,2,1038,10,0,0,1,0,0,1,0,0,0,0,1,0,0,0,0,0,0,False
35,2,8858,48,0,1,0,0,1,0,0,0,0,0,1,0,0,0,0,0,0,False
36,2,1275,24,0,0,1,0,0,0,0,0,1,1,0,0,0,0,0,0,0,False
21,1,6568,24,0,0,1,0,0,1,0,0,0,1,0,0,0,0,0,0,0,False
37,1,1344,24,0,0,1,0,1,0,0,0,0,0,1,0,0,0,0,0,0,True
30,3,5965,27,0,0,1,0,0,1,0,0,0,0,1,0,0,0,0,0,0,False
56,2,618,12,0,0,1,0,0,1,0,0,0,0,0,0,0,0,1,0,0,False
46,2,727,10,0,1,0,0,0,0,0,1,0,0,0,0,1,0,0,0,0,False
23,2,1444,15,0,0,1,0,1,0,0,0,0,0,0,0,0,0,1,0,0,False
37,2,3620,36,0,0,1,0,0,1,0,0,0,0,0,0,0,1,0,0,0,False
48,1,2241,10,0,0,0,1,0,1,0,0,0,0,1,0,0,0,0,0,0,False
60,3,14782,60,1,1,0,0,0,0,1,0,0,0,0,0,0,0,0,0,1,True
37,2,2022,24,1,0,1,0,0,1,0,0,0,0,1,0,0,0,0,0,0,False
26,0,609,12,1,0,1,0,0,1,0,0,0,1,0,0,0,0,0,0,0,True
24,1,3021,24,0,0,0,1,0,1,0,0,0,0,0,0,0,1,0,0,0,False
35,1,4380,18,0,0,1,0,0,0,1,0,0,0,1,0,0,0,0,0,0,False
27,1,1309,10,0,0,1,0,1,0,0,0,0,0,1,0,0,0,0,0,0,True
22,2,2828,24,0,0,1,0,0,0,0,1,0,0,0,0,0,1,0,0,0,False
48,1,1795,18,1,0,0,1,0,1,0,0,0,0,0,0,0,0,1,0,0,False
43,1,1533,18,0,0,1,0,0,1,0,0,0,0,0,0,0,1,0,0,0,True
47,2,5103,24,0,1,0,0,0,1,0,0,0,0,0,0,0,0,1,0,0,False
38,3,10623,30,0,1,0,0,0,1,0,0,0,0,1,0,0,0,0,0,0,False
26,2,1386,12,1,0,1,0,0,0,0,1,0,0,1,0,0,0,0,0,0,True
54,3,4591,24,0,0,1,0,0,0,0,0,1,1,0,0,0,0,0,0,0,True
37,3,3399,12,0,0,1,0,1,0,0,0,0,0,0,0,0,0,1,0,0,False
50,1,1047,6,1,0,1,0,0,1,0,0,0,0,0,0,1,0,0,0,0,False
37,2,7685,48,1,0,0,1,0,1,0,0,0,1,0,0,0,0,0,0,0,True
44,2,1553,18,0,0,1,0,0,1,0,0,0,0,0,0,0,1,0,0,0,True
31,2,1360,15,0,0,1,0,0,1,0,0,0,0,0,0,0,0,1,0,0,False
44,1,760,8,1,0,1,0,0,1,0,0,0,0,0,0,0,0,1,0,0,False
43,2,2899,18,0,0,1,0,1,0,0,0,0,0,1,0,0,0,0,0,0,False
21,2,3031,45,0,0,0,1,0,0,1,0,0,0,0,0,0,0,1,0,0,True
37,3,4712,24,0,0,1,0,1,0,0,0,0,1,0,0,0,0,0,0,0,False
28,2,1887,18,0,0,1,0,1,0,0,0,0,1,0,0,0,0,0,0,0,False
32,2,2273,36,0,0,1,0,0,1,0,0,0,0,0,0,1,0,0,0,0,False
41,1,888,12,0,0,1,0,0,1,0,0,0,0,1,0,0,0,0,0,0,True
30,2,1620,12,1,0,1,0,0,1,0,0,0,0,0,0,0,1,0,0,0,False
27,1,2708,15,0,0,1,0,0,1,0,0,0,0,0,0,0,1,0,0,0,False
25,1,866,18,0,0,1,0,0,1,0,0,0,0,0,0,0,0,1,0,0,False
33,2,1414,8,0,0,1,0,0,1,0,0,0,0,0,0,0,0,1,0,0,False
20,2,1313,9,0,0,1,0,0,1,0,0,0,0,0,0,0,1,0,0,0,False
34,2,2578,24,0,0,1,0,0,0,0,0,1,0,0,0,0,0,1,0,0,False
54,3,3568,15,1,0,0,1,0,1,0,0,0,0,0,0,0,0,1,0,0,False
31,2,1393,24,0,0,1,0,0,1,0,0,0,0,1,0,0,0,0,0,0,False
41,2,2116,6,0,0,1,0,0,1,0,0,0,0,0,0,0,1,0,0,0,False
61,2,2012,12,1,0,1,0,1,0,0,0,0,0,0,0,1,0,0,0,0,False
60,2,1940,24,0,0,1,0,0,0,0,0,1,0,1,0,0,0,0,0,0,False
28,2,1323,6,0,0,1,0,0,0,1,0,0,0,1,0,0,0,0,0,0,False
40,3,1977,36,0,0,1,0,1,0,0,0,0,0,0,0,1,0,0,0,0,True
28,2,1108,12,0,0,1,0,0,1,0,0,0,0,0,0,0,0,0,1,0,True
45,2,1300,15,0,1,0,0,1,0,0,0,0,0,1,0,0,0,0,0,0,False
67,2,1169,6,0,0,1,0,1,0,0,0,0,0,0,0,0,0,1,0,0,False
39,3,3249,36,0,1,0,0,0,1,0,0,0,0,1,0,0,0,0,0,0,False
24,2,2569,39,0,0,1,0,0,0,0,1,0,0,1,0,0,0,0,0,0,False
35,0,1549,9,0,0,1,0,1,0,0,0,0,0,1,0,0,0,0,0,0,False
36,2,700,6,0,1,0,0,1,0,0,0,0,0,0,0,0,0,1,0,0,False
32,2,6078,12,0,0,1,0,0,1,0,0,0,0,1,0,0,0,0,0,0,False
25,2,1206,9,1,0,1,0,0,1,0,0,0,0,0,0,0,0,1,0,0,False
25,1,1355,24,1,0,1,0,0,1,0,0,0,0,1,0,0,0,0,0,0,True
32,2,2978,24,0,0,1,0,1,0,0,0,0,1,0,0,0,0,0,0,0,False
34,2,1525,24,1,0,1,0,0,0,0,0,1,0,1,0,0,0,0,0,0,False
24,2,932,6,1,0,1,0,0,1,0,0,0,0,0,0,0,0,1,0,0,False
32,2,2528,27,1,0,1,0,0,1,0,0,0,1,0,0,0,0,0,0,0,False
26,2,3114,18,1,0,0,1,0,1,0,0,0,0,0,0,0,1,0,0,0,True
66,3,1908,30,0,0,1,0,0,1,0,0,0,1,0,0,0,0,0,0,0,True
38,2,1240,12,1,0,1,0,1,0,0,0,0,0,0,0,0,0,1,0,0,False
52,2,717,12,0,0,1,0,0,1,0,0,0,0,0,0,0,0,1,0,0,False
22,2,1514,15,0,0,1,0,0,0,1,0,0,0,0,0,0,0,0,1,0,False
46,2,1829,15,0,0,1,0,0,1,0,0,0,0,0,0,0,0,1,0,0,False
49,1,640,12,0,0,1,0,0,1,0,0,0,0,1,0,0,0,0,0,0,False
54,2,7432,36,1,0,0,1,0,1,0,0,0,0,1,0,0,0,0,0,0,False
36,2,1542,12,0,0,1,0,0,1,0,0,0,1,0,0,0,0,0,0,0,False
24,2,9629,36,0,0,1,0,0,1,0,0,0,0,1,0,0,0,0,0,0,True
39,1,426,6,0,0,1,0,0,1,0,0,0,0,0,0,0,0,1,0,0,False
40,3,4623,15,0,0,1,0,0,0,1,0,0,0,0,0,1,0,0,0,0,True
23,2,8471,18,1,0,0,1,1,0,0,0,0,0,0,0,1,0,0,0,0,False
27,2,3711,36,0,0,1,0,1,0,0,0,0,0,0,0,1,0,0,0,0,False
37,3,12749,48,0,0,1,0,0,0,0,1,0,0,0,0,0,0,1,0,0,False
45,2,7882,42,0,1,0,0,0,1,0,0,0,0,0,0,0,1,0,0,0,False
21,2,10144,60,1,0,1,0,0,0,1,0,0,0,0,0,0,0,1,0,0,False
23,1,1246,24,0,0,1,0,0,1,0,0,0,0,1,0,0,0,0,0,0,True
28,2,3595,36,0,0,1,0,0,1,0,0,0,0,0,0,0,0,1,0,0,False
28,2,3617,12,0,0,0,1,0,1,0,0,0,0,0,0,0,1,0,0,0,False
21,2,886,12,1,0,1,0,1,0,0,0,0,0,0,0,0,0,1,0,0,False
24,1,1546,24,0,0,0,1,0,1,0,0,0,0,0,0,0,0,1,0,0,True
38,1,2171,12,0,0,1,0,0,1,0,0,0,0,1,0,0,0,0,0,0,False
27,2,2613,36,0,0,1,0,0,1,0,0,0,0,0,0,0,0,0,1,0,False
27,2,1101,12,0,0,1,0,0,1,0,0,0,0,1,0,0,0,0,0,0,False
40,2,3001,18,1,0,0,1,0,1,0,0,0,0,0,0,0,1,0,0,0,False
37,2,2279,12,0,1,0,0,1,0,0,0,0,0,0,0,0,0,1,0,0,False
31,1,1521,10,0,0,1,0,0,1,0,0,0,0,0,0,0,1,0,0,0,False
33,2,1042,18,1,0,1,0,1,0,0,0,0,0,1,0,0,0,0,0,0,True
38,2,6681,48,0,1,0,0,1,0,0,0,0,1,0,0,0,0,0,0,0,False
24,2,2145,36,0,0,1,0,0,1,0,0,0,1,0,0,0,0,0,0,0,True
31,2,4817,24,0,0,1,0,0,1,0,0,0,0,1,0,0,0,0,0,0,True
25,2,14421,48,0,0,1,0,0,1,0,0,0,1,0,0,0,0,0,0,0,True
35,2,691,12,0,0,1,0,0,1,0,0,0,0,1,0,0,0,0,0,0,True
61,2,1239,18,0,1,0,0,1,0,0,0,0,0,0,0,1,0,0,0,0,False
61,1,2767,21,0,0,0,1,0,0,1,0,0,1,0,0,0,0,0,0,0,True
28,1,6260,18,0,0,0,1,0,1,0,0,0,0,1,0,0,0,0,0,0,False
27,0,750,18,1,0,1,0,0,1,0,0,0,0,0,0,1,0,0,0,0,True
41,2,1503,12,0,0,0,1,0,1,0,0,0,0,1,0,0,0,0,0,0,False
40,1,701,12,0,0,1,0,0,1,0,0,0,0,0,0,0,0,1,0,0,False
57,1,1154,11,1,0,1,0,0,0,1,0,0,0,0,0,0,0,1,0,0,False
41,2,3160,21,0,0,1,0,1,0,0,0,0,0,0,0,0,0,1,0,0,False
24,2,2124,18,1,0,0,1,0,1,0,0,0,0,0,0,0,1,0,0,0,True
66,1,766,12,0,0,1,0,0,0,0,1,0,0,0,0,0,0,1,0,0,True
35,3,6948,36,0,0,0,1,0,1,0,0,0,0,1,0,0,0,0,0,0,False
49,2,1126,9,0,0,1,0,0,0,1,0,0,0,0,0,0,0,1,0,0,False
23,2,1216,18,1,0,0,1,0,1,0,0,0,0,1,0,0,0,0,0,0,True
24,1,2214,12,0,0,1,0,0,1,0,0,0,0,0,0,0,0,1,0,0,False
43,2,4042,24,0,0,1,0,1,0,0,0,0,0,1,0,0,0,0,0,0,False
27,2,1053,15,0,0,1,0,0,1,0,0,0,0,0,0,0,0,1,0,0,False
29,2,2896,24,0,0,1,0,0,0,1,0,0,0,0,0,0,0,1,0,0,False
28,2,6199,12,0,0,0,1,0,1,0,0,0,0,0,0,0,0,1,0,0,True
29,2,7758,24,1,0,0,1,0,0,0,0,1,0,1,0,0,0,0,0,0,False
36,2,1372,12,0,0,1,0,0,1,0,0,0,0,1,0,0,0,0,0,0,True
31,2,6350,30,0,0,1,0,1,0,0,0,0,0,0,0,0,1,0,0,0,True
33,3,4439,18,0,0,1,0,0,1,0,0,0,1,0,0,0,0,0,0,0,False
23,2,15672,48,0,0,1,0,0,1,0,0,0,1,0,0,0,0,0,0,0,True
38,2,804,12,0,0,1,0,0,1,0,0,0,0,0,0,0,0,1,0,0,False
30,2,1602,21,0,0,1,0,0,1,0,0,0,0,1,0,0,0,0,0,0,False
52,3,6468,12,0,0,1,0,1,0,0,0,0,0,0,0,0,0,1,0,0,True
39,2,1473,18,0,0,1,0,0,1,0,0,0,0,0,0,0,0,1,0,0,False
26,3,5433,24,1,0,0,1,1,0,0,0,0,0,1,0,0,0,0,0,0,False
36,3,1238,6,0,0,1,0,1,0,0,0,0,0,0,0,1,0,0,0,0,False
26,2,2764,33,1,0,1,0,0,1,0,0,0,1,0,0,0,0,0,0,0,False
37,1,1922,12,0,0,1,0,0,1,0,0,0,0,0,0,0,1,0,0,0,True
47,2,3017,30,0,0,1,0,0,1,0,0,0,0,0,0,0,0,1,0,0,False
24,2,1207,24,1,0,0,1,0,1,0,0,0,0,1,0,0,0,0,0,0,True
43,2,2625,16,0,0,0,1,0,1,0,0,0,0,1,0,0,0,0,0,0,True
40,1,684,12,0,0,0,1,0,1,0,0,0,0,0,0,1,0,0,0,0,True
22,2,1670,9,1,0,1,0,0,1,0,0,0,0,0,0,0,0,1,0,0,True
54,0,672,6,1,0,1,0,0,1,0,0,0,0,1,0,0,0,0,0,0,False
41,1,2580,21,0,0,1,0,0,0,0,1,0,1,0,0,0,0,0,0,0,True
27,3,6314,24,0,0,1,0,0,1,0,0,0,0,0,0,0,0,0,0,1,False
23,1,3234,24,1,0,0,1,0,1,0,0,0,0,0,0,0,1,0,0,0,True
70,3,7308,10,0,1,0,0,0,1,0,0,0,0,1,0,0,0,0,0,0,False
23,1,2101,13,1,0,1,0,0,1,0,0,0,0,0,0,0,0,1,0,0,False
23,1,6229,36,1,0,0,1,0,1,0,0,0,0,0,0,0,1,0,0,0,True
24,2,3016,12,0,0,1,0,0,1,0,0,0,0,0,0,0,0,1,0,0,False
42,2,522,12,0,0,1,0,0,0,0,1,0,0,0,0,0,0,1,0,0,False
26,2,1934,12,0,0,1,0,0,1,0,0,0,0,0,0,0,0,1,0,0,False
38,2,2751,48,0,0,1,0,1,0,0,0,0,0,1,0,0,0,0,0,0,False
61,2,1512,15,0,0,1,0,0,0,0,0,1,0,0,0,0,0,0,1,0,True
41,2,2503,30,0,0,1,0,0,0,1,0,0,1,0,0,0,0,0,0,0,False
37,2,1287,24,1,0,1,0,0,0,0,0,1,0,1,0,0,0,0,0,0,False
37,2,12389,36,0,1,0,0,1,0,0,0,0,0,1,0,0,0,0,0,0,True
34,3,1337,9,0,0,1,0,0,1,0,0,0,0,0,0,0,0,1,0,0,True
43,3,2442,27,0,0,1,0,0,1,0,0,0,1,0,0,0,0,0,0,0,False
64,2,1364,10,1,0,1,0,0,1,0,0,0,0,1,0,0,0,0,0,0,False
64,1,2384,24,0,0,0,1,0,1,0,0,0,0,0,0,0,0,1,0,0,False
36,2,2799,9,0,0,0,1,0,1,0,0,0,0,1,0,0,0,0,0,0,False
49,1,1445,18,0,0,1,0,1,0,0,0,0,0,0,0,0,0,1,0,0,False
34,1,1743,6,0,0,1,0,0,0,1,0,0,1,0,0,0,0,0,0,0,False
27,2,1347,10,0,0,1,0,1,0,0,0,0,0,0,0,0,0,1,0,0,False
53,2,4870,24,0,1,0,0,0,1,0,0,0,0,1,0,0,0,0,0,0,True
31,1,1736,12,1,0,1,0,0,1,0,0,0,0,0,0,0,1,0,0,0,False
38,2,754,12,0,0,1,0,1,0,0,0,0,0,0,0,1,0,0,0,0,False
37,2,3535,36,0,0,1,0,0,1,0,0,0,0,1,0,0,0,0,0,0,False
33,2,1478,15,0,0,1,0,0,1,0,0,0,0,0,0,0,0,1,0,0,False
36,2,6742,30,0,0,1,0,1,0,0,0,0,0,0,0,0,0,1,0,0,False
23,2,7127,36,1,0,0,1,0,1,0,0,0,0,0,0,0,1,0,0,0,True
22,1,806,15,1,0,1,0,0,1,0,0,0,1,0,0,0,0,0,0,0,False
51,2,2892,24,0,1,0,0,0,1,0,0,0,0,0,0,0,1,0,0,0,False
34,2,5800,36,0,0,1,0,0,1,0,0,0,0,1,0,0,0,0,0,0,False
25,2,3105,24,0,0,1,0,1,0,0,0,0,0,0,0,0,0,1,0,0,False
40,2,1386,15,0,0,0,1,1,0,0,0,0,0,0,0,0,0,1,0,0,False
26,2,2404,18,1,0,1,0,0,1,0,0,0,0,0,0,0,0,1,0,0,False
37,2,3878,24,0,0,1,0,0,0,1,0,0,0,1,0,0,0,0,0,0,False
22,2,3092,24,0,0,0,1,0,0,1,0,0,0,0,0,0,0,1,0,0,True
29,2,2743,28,0,0,1,0,0,1,0,0,0,0,0,0,0,0,1,0,0,False
50,2,1574,12,0,0,1,0,0,1,0,0,0,0,0,0,0,1,0,0,0,False
25,2,1835,21,1,0,1,0,0,1,0,0,0,0,0,0,0,0,1,0,0,True
20,1,2718,24,1,0,0,1,0,1,0,0,0,0,1,0,0,0,0,0,0,True
33,3,4844,48,0,0,0,1,0,1,0,0,0,1,0,0,0,0,0,0,0,True
60,1,1199,24,0,0,1,0,0,1,0,0,0,0,1,0,0,0,0,0,0,True
22,2,3973,14,0,1,0,0,0,1,0,0,0,0,1,0,0,0,0,0,0,False
29,3,2679,24,1,0,1,0,0,1,0,0,0,0,1,0,0,0,0,0,0,False
52,3,2133,12,1,1,0,0,1,0,0,0,0,0,1,0,0,0,0,0,0,False
57,3,1231,24,1,0,0,1,0,0,0,0,1,0,0,0,0,0,1,0,0,False
36,2,2872,24,0,0,1,0,0,0,1,0,0,0,0,0,0,0,1,0,0,False
42,2,2427,18,0,0,1,0,1,0,0,0,0,1,0,0,0,0,0,0,0,False
36,2,7297,60,0,0,0,1,0,1,0,0,0,1,0,0,0,0,0,0,0,True
63,2,7596,30,0,0,1,0,1,0,0,0,0,0,1,0,0,0,0,0,0,False
30,3,14179,39,0,0,1,0,1,0,0,0,0,0,0,0,0,1,0,0,0,False
34,3,1501,9,1,0,1,0,0,1,0,0,0,0,0,0,1,0,0,0,0,True
34,1,3844,48,0,1,0,0,0,0,1,0,0,1,0,0,0,0,0,0,0,True
36,2,4042,42,0,0,1,0,0,0,0,1,0,0,0,0,0,1,0,0,0,False
75,3,1374,6,1,0,1,0,1,0,0,0,0,0,1,0,0,0,0,0,0,False
38,3,7814,24,0,0,1,0,0,1,0,0,0,0,1,0,0,0,0,0,0,False
36,2,909,36,0,0,1,0,0,0,0,1,0,0,1,0,0,0,0,0,0,False
39,3,6458,18,0,0,1,0,0,1,0,0,0,0,1,0,0,0,0,0,0,True
53,2,2424,24,0,0,1,0,1,0,0,0,0,0,0,0,0,0,1,0,0,False
24,2,2788,15,1,0,1,0,0,1,0,0,0,0,0,0,0,1,0,0,0,False
46,2,697,12,0,0,1,0,0,1,0,0,0,0,1,0,0,0,0,0,0,True
46,3,2476,21,0,0,1,0,1,0,0,0,0,0,1,0,0,0,0,0,0,False
23,2,1534,12,0,0,0,1,0,1,0,0,0,0,0,0,0,0,1,0,0,True
28,2,1068,6,0,0,1,0,0,1,0,0,0,0,0,0,0,0,1,0,0,False
23,1,3573,12,1,0,1,0,0,1,0,0,0,0,0,0,0,0,1,0,0,False
32,1,1301,18,0,0,1,0,0,1,0,0,0,0,0,0,0,0,1,0,0,False
29,2,7166,42,0,0,0,1,1,0,0,0,0,0,0,0,0,0,1,0,0,False
22,2,2039,24,0,0,1,0,0,1,0,0,0,0,0,0,0,0,1,0,0,True
22,2,2483,24,0,0,1,0,0,0,0,1,0,0,0,0,0,1,0,0,0,False
20,2,3617,24,0,0,0,1,1,0,0,0,0,0,0,0,0,1,0,0,0,False
33,2,2058,24,0,0,1,0,0,1,0,0,0,0,0,0,0,0,0,1,0,False
58,1,1755,24,1,0,1,0,0,1,0,0,0,0,0,0,0,0,0,0,1,False
50,2,1559,24,0,0,1,0,0,1,0,0,0,1,0,0,0,0,0,0,0,False
31,2,3161,24,0,0,0,1,0,1,0,0,0,1,0,0,0,0,0,0,0,True
37,2,10222,48,0,0,1,0,1,0,0,0,0,0,0,0,0,0,1,0,0,False
35,2,1381,24,1,0,1,0,1,0,0,0,0,0,1,0,0,0,0,0,0,True
50,2,2241,21,0,0,1,0,0,1,0,0,0,0,0,0,0,1,0,0,0,False
47,1,2538,24,0,0,1,0,0,1,0,0,0,0,1,0,0,0,0,0,0,True
25,3,8065,36,1,0,1,0,0,1,0,0,0,0,0,0,1,0,0,0,0,True
59,2,6416,48,1,0,0,1,0,1,0,0,0,1,0,0,0,0,0,0,0,True
25,1,4736,24,1,0,1,0,0,1,0,0,0,0,0,0,0,1,0,0,0,True
65,2,930,12,0,0,1,0,1,0,0,0,0,0,0,0,0,0,1,0,0,False
34,3,2910,24,0,1,0,0,0,1,0,0,0,0,1,0,0,0,0,0,0,False
28,2,2278,18,1,0,1,0,0,0,1,0,0,0,1,0,0,0,0,0,0,True
26,3,4463,36,0,0,1,0,0,1,0,0,0,0,0,0,0,0,1,0,0,True
25,2,2394,36,1,0,1,0,1,0,0,0,0,0,0,0,0,0,1,0,0,False
54,2,2255,24,0,0,1,0,1,0,0,0,0,0,1,0,0,0,0,0,0,False
45,3,8588,39,0,0,1,0,0,0,1,0,0,0,1,0,0,0,0,0,0,False
24,2,5743,24,1,1,0,0,0,1,0,0,0,0,0,0,1,0,0,0,0,False
23,2,1200,12,1,0,0,1,1,0,0,0,0,0,0,0,1,0,0,0,0,False
58,2,1867,30,0,0,1,0,1,0,0,0,0,0,0,0,0,0,1,0,0,False
39,2,860,6,1,0,1,0,0,1,0,0,0,0,1,0,0,0,0,0,0,False
48,2,1024,24,0,0,1,0,0,1,0,0,0,0,0,0,0,0,1,0,0,True
63,2,6836,60,0,0,1,0,0,1,0,0,0,1,0,0,0,0,0,0,0,True
35,2,1680,12,0,0,1,0,0,0,0,1,0,0,0,0,0,0,1,0,0,False
28,2,1413,24,0,0,1,0,0,1,0,0,0,0,0,0,0,0,1,0,0,False
26,2,907,8,0,0,1,0,0,1,0,0,0,1,0,0,0,0,0,0,0,False
29,0,1193,24,1,0,0,1,0,1,0,0,0,0,1,0,0,0,0,0,0,True
42,2,2577,12,0,0,1,0,0,1,0,0,0,0,0,0,0,1,0,0,0,False
25,2,3972,24,1,0,0,1,0,1,0,0,0,0,0,0,0,1,0,0,0,False
23,0,3758,24,1,0,0,1,0,0,0,1,0,0,0,0,0,0,1,0,0,False
34,2,2320,18,0,0,1,0,0,1,0,0,0,0,0,0,0,0,1,0,0,False
27,2,2463,24,0,0,1,0,0,0,1,0,0,0,1,0,0,0,0,0,0,False
46,2,1343,6,0,0,1,0,0,1,0,0,0,0,1,0,0,0,0,0,0,False
40,2,7824,28,0,0,0,1,1,0,0,0,0,0,1,0,0,0,0,0,0,False
36,3,3275,21,0,0,1,0,0,1,0,0,0,0,1,0,0,0,0,0,0,False
33,2,3244,18,1,0,1,0,0,1,0,0,0,0,0,0,0,1,0,0,0,False
27,2,8613,27,0,0,1,0,0,0,0,0,1,0,1,0,0,0,0,0,0,False
34,2,1842,36,1,0,1,0,0,1,0,0,0,0,1,0,0,0,0,0,0,True
46,2,2611,24,0,0,1,0,0,1,0,0,0,0,0,0,0,0,1,0,0,False
24,2,2030,9,0,0,1,0,1,0,0,0,0,0,0,0,0,1,0,0,0,False
48,2,9277,24,0,1,0,0,1,0,0,0,0,0,1,0,0,0,0,0,0,False
26,2,1076,12,0,0,1,0,0,1,0,0,0,1,0,0,0,0,0,0,0,False
31,1,1546,10,0,0,1,0,0,1,0,0,0,0,1,0,0,0,0,0,0,False
29,2,1893,12,1,0,1,0,0,1,0,0,0,0,1,0,0,0,0,0,0,False
35,2,2141,12,0,0,1,0,0,0,1,0,0,0,0,0,0,0,1,0,0,False
27,2,7980,36,0,0,0,1,1,0,0,0,0,1,0,0,0,0,0,0,0,True
57,1,1264,12,0,0,0,1,1,0,0,0,0,1,0,0,0,0,0,0,0,False
30,3,2249,18,0,0,1,0,0,0,1,0,0,0,1,0,0,0,0,0,0,False
58,1,6143,48,1,1,0,0,0,1,0,0,0,0,1,0,0,0,0,0,0,True
26,1,3599,21,1,0,0,1,0,1,0,0,0,0,0,0,0,1,0,0,0,False
50,2,1537,15,0,0,1,0,1,0,0,0,0,0,0,0,0,0,1,0,0,False
26,3,10974,36,1,0,1,0,0,1,0,0,0,0,0,0,0,1,0,0,0,True
40,3,4297,18,0,0,1,0,0,1,0,0,0,0,0,0,0,1,0,0,0,True
55,0,1190,18,1,1,0,0,0,1,0,0,0,0,0,0,0,0,0,1,0,True
37,1,1274,12,1,0,1,0,0,1,0,0,0,0,1,0,0,0,0,0,0,True
31,3,2406,9,0,0,1,0,0,1,0,0,0,0,0,0,0,1,0,0,0,False
33,2,6403,24,0,0,1,0,0,1,0,0,0,0,0,0,0,0,1,0,0,False
45,1,1287,10,0,0,1,0,1,0,0,0,0,0,1,0,0,0,0,0,0,False
41,1,5954,42,1,0,1,0,0,1,0,0,0,1,0,0,0,0,0,0,0,False
31,2,1957,6,1,0,1,0,0,1,0,0,0,0,0,0,0,0,1,0,0,False
32,2,1552,24,0,0,1,0,0,1,0,0,0,0,0,0,0,0,1,0,0,False
27,1,937,24,0,0,1,0,0,1,0,0,0,0,0,0,1,0,0,0,0,False
60,2,2032,24,0,1,0,0,0,1,0,0,0,0,1,0,0,0,0,0,0,False
45,2,10875,36,0,0,1,0,0,1,0,0,0,0,1,0,0,0,0,0,0,False
42,2,5084,24,1,0,1,0,1,0,0,0,0,0,0,0,0,0,1,0,0,False
29,2,5179,36,0,0,1,0,0,1,0,0,0,0,0,0,0,1,0,0,0,True
35,3,1050,6,0,0,1,0,0,1,0,0,0,0,0,0,0,1,0,0,0,False
23,2,3913,36,0,0,1,0,0,1,0,0,0,0,0,0,0,0,1,0,0,False
45,1,3049,18,1,0,1,0,0,1,0,0,0,0,0,0,0,1,0,0,0,False
47,2,8335,36,0,1,0,0,1,0,0,0,0,0,1,0,0,0,0,0,0,True
22,2,1858,12,1,0,0,1,0,1,0,0,0,0,0,0,0,1,0,0,0,False
43,2,4843,12,0,0,0,1,0,1,0,0,0,0,1,0,0,0,0,0,0,True
35,3,3780,18,0,0,1,0,0,1,0,0,0,0,0,0,0,1,0,0,0,False
30,2,2028,12,0,0,1,0,1,0,0,0,0,0,1,0,0,0,0,0,0,False
28,2,2284,24,0,0,1,0,0,1,0,0,0,0,0,0,0,0,1,0,0,False
35,2,2728,15,0,0,1,0,1,0,0,0,0,0,0,0,0,0,1,0,0,False
50,2,5293,27,0,0,1,0,0,1,0,0,0,1,0,0,0,0,0,0,0,True
27,3,9157,60,0,1,0,0,1,0,0,0,0,0,0,0,0,0,1,0,0,False
23,2,1943,18,1,0,1,0,0,1,0,0,0,0,0,0,0,0,0,1,0,True
63,2,2957,24,0,0,1,0,0,1,0,0,0,0,1,0,0,0,0,0,0,False
27,2,2389,18,1,0,1,0,0,1,0,0,0,0,0,0,0,0,1,0,0,False
25,2,1882,18,1,0,0,1,0,1,0,0,0,0,0,0,0,0,1,0,0,True
26,2,1715,30,1,0,1,0,1,0,0,0,0,0,0,0,0,0,1,0,0,False
46,2,6331,48,0,1,0,0,0,1,0,0,0,0,1,0,0,0,0,0,0,True
47,1,1316,15,0,0,1,0,0,0,0,1,0,0,0,0,0,0,1,0,0,False
68,3,14896,6,0,0,1,0,0,1,0,0,0,0,1,0,0,0,0,0,0,True
40,2,3077,30,0,0,1,0,1,0,0,0,0,0,0,0,0,0,1,0,0,False
42,1,1544,4,0,0,1,0,0,1,0,0,0,0,0,0,0,0,1,0,0,False
22,2,1007,12,0,0,1,0,0,0,0,0,1,0,1,0,0,0,0,0,0,False
26,2,2069,10,0,0,1,0,1,0,0,0,0,0,0,0,0,1,0,0,0,False
38,3,12976,18,1,1,0,0,0,1,0,0,0,0,1,0,0,0,0,0,0,True
31,2,3104,18,0,0,1,0,0,1,0,0,0,1,0,0,0,0,0,0,0,False
29,0,3990,36,1,0,1,0,1,0,0,0,0,0,0,1,0,0,0,0,0,False
29,2,3499,12,1,0,1,0,0,1,0,0,0,0,1,0,0,0,0,0,0,True
32,2,1136,9,0,1,0,0,0,0,0,0,1,0,0,0,1,0,0,0,0,True
23,2,392,15,1,0,0,1,0,1,0,0,0,0,0,0,1,0,0,0,0,False
33,2,1131,18,1,0,1,0,0,1,0,0,0,0,0,0,0,1,0,0,0,True
26,2,1424,12,0,0,1,0,0,1,0,0,0,0,0,1,0,0,0,0,0,False
65,0,3394,42,0,0,1,0,0,1,0,0,0,0,0,0,0,0,0,1,0,False
34,2,6999,48,0,0,1,0,0,1,0,0,0,0,0,0,0,0,1,0,0,True
34,1,11998,30,0,0,1,0,0,1,0,0,0,0,0,0,0,0,0,1,0,True
33,2,2831,30,1,0,1,0,0,1,0,0,0,0,0,0,0,0,1,0,0,False
42,2,1965,24,1,0,0,1,1,0,0,0,0,0,1,0,0,0,0,0,0,False
54,2,1597,24,0,1,0,0,0,1,0,0,0,0,0,0,1,0,0,0,0,False
30,3,2063,6,0,0,0,1,0,1,0,0,0,0,0,0,0,0,1,0,0,False
30,2,7966,26,0,0,1,0,0,1,0,0,0,0,1,0,0,0,0,0,0,False
31,3,7582,48,0,1,0,0,0,0,1,0,0,0,0,0,0,0,0,0,1,False
35,1,4679,24,0,0,1,0,0,1,0,0,0,0,1,0,0,0,0,0,0,False
49,2,5801,12,0,0,0,1,1,0,0,0,0,0,0,0,0,1,0,0,0,False
41,3,3868,24,1,0,0,1,0,1,0,0,0,0,1,0,0,0,0,0,0,False
50,2,2390,12,0,0,1,0,1,0,0,0,0,0,1,0,0,0,0,0,0,False
34,3,6850,15,0,0,1,0,0,0,1,0,0,0,1,0,0,0,0,0,0,True
22,2,1478,9,0,0,1,0,0,1,0,0,0,0,0,0,0,0,1,0,0,True
24,2,2080,6,0,0,1,0,0,0,0,1,0,0,1,0,0,0,0,0,0,False
32,1,931,6,1,0,1,0,0,0,1,0,0,0,1,0,0,0,0,0,0,True
41,1,1244,9,1,0,0,1,1,0,0,0,0,0,0,0,1,0,0,0,0,False
27,2,2132,10,1,0,0,1,1,0,0,0,0,0,0,0,0,1,0,0,0,False
34,2,1950,18,0,0,1,0,0,1,0,0,0,1,0,0,0,0,0,0,0,False
36,1,1374,6,0,0,1,0,0,1,0,0,0,0,0,0,0,1,0,0,0,False
31,2,1449,6,0,0,1,0,0,0,1,0,0,1,0,0,0,0,0,0,0,False
46,2,1582,18,0,0,1,0,0,0,0,0,1,0,0,0,0,0,1,0,0,False
24,2,5848,36,0,0,1,0,0,1,0,0,0,0,0,0,0,0,1,0,0,False
31,2,2302,36,0,0,0,1,0,1,0,0,0,0,0,0,0,0,1,0,0,True
29,2,1103,12,0,0,1,0,0,1,0,0,0,0,0,0,0,0,1,0,0,False
32,2,1530,18,0,0,1,0,0,1,0,0,0,0,1,0,0,0,0,0,0,True
36,2,1721,15,0,0,1,0,0,1,0,0,0,0,1,0,0,0,0,0,0,False
31,2,2775,18,0,0,1,0,0,1,0,0,0,0,1,0,0,0,0,0,0,True
44,1,1881,12,1,0,0,1,0,1,0,0,0,0,0,0,0,0,1,0,0,False
33,2,3029,15,0,0,1,0,0,1,0,0,0,0,1,0,0,0,0,0,0,False
27,2,1657,12,0,0,1,0,0,1,0,0,0,0,0,0,0,1,0,0,0,False
47,2,2353,21,0,0,1,0,0,1,0,0,0,0,1,0,0,0,0,0,0,False
28,2,2659,18,0,0,1,0,0,0,0,0,1,0,0,0,0,1,0,0,0,False
35,2,1592,12,1,0,1,0,0,0,0,0,1,0,0,0,0,1,0,0,0,False
26,2,1925,24,0,0,1,0,0,1,0,0,0,0,0,0,0,1,0,0,0,False
30,3,11054,36,0,0,1,0,1,0,0,0,0,0,1,0,0,0,0,0,0,False
20,2,1967,24,1,0,1,0,0,1,0,0,0,0,0,0,0,0,1,0,0,False
50,2,2671,36,1,1,0,0,0,0,1,0,0,0,0,0,0,0,1,0,0,True
31,2,3430,24,0,0,1,0,0,0,0,1,0,0,0,0,0,0,1,0,0,False
31,2,4473,36,0,0,1,0,0,1,0,0,0,0,0,0,0,0,1,0,0,False
20,2,4675,12,1,0,0,1,1,0,0,0,0,0,1,0,0,0,0,0,0,False
25,2,999,24,0,0,1,0,1,0,0,0,0,0,0,0,0,0,1,0,0,False
27,2,10961,48,0,0,1,0,0,0,0,0,1,0,0,0,0,0,1,0,0,True
54,2,1318,12,0,0,1,0,0,0,0,0,1,0,1,0,0,0,0,0,0,False
37,2,609,6,1,0,1,0,0,1,0,0,0,0,1,0,0,0,0,0,0,False
28,1,2993,21,0,0,1,0,0,1,0,0,0,0,1,0,0,0,0,0,0,False
21,2,15653,60,0,0,1,0,0,1,0,0,0,0,0,0,0,0,1,0,0,False
23,2,3368,15,0,0,0,1,0,0,0,0,1,0,1,0,0,0,0,0,0,False
26,2,4788,48,0,0,1,0,0,1,0,0,0,0,1,0,0,0,0,0,0,False
60,2,2246,12,0,0,1,0,0,1,0,0,0,0,0,0,0,1,0,0,0,True
24,1,1747,24,0,0,1,0,0,1,0,0,0,0,0,0,0,1,0,0,0,False
30,3,5096,48,1,0,1,0,0,1,0,0,0,0,0,0,0,1,0,0,0,True
36,2,884,18,0,0,1,0,0,1,0,0,0,0,1,0,0,0,0,0,0,True
33,2,6070,18,0,0,1,0,0,1,0,0,0,0,0,0,0,0,1,0,0,False
26,2,1382,24,0,0,1,0,0,0,1,0,0,1,0,0,0,0,0,0,0,False
64,2,753,6,1,0,1,0,0,1,0,0,0,0,0,0,0,0,1,0,0,False
32,2,2697,9,0,0,1,0,0,1,0,0,0,0,0,0,0,0,1,0,0,False
26,1,590,6,0,0,1,0,0,1,0,0,0,0,0,0,0,0,1,0,0,False
30,3,1919,30,0,0,1,0,0,0,1,0,0,0,0,0,0,0,1,0,0,True
40,1,1647,21,0,0,1,0,1,0,0,0,0,0,1,0,0,0,0,0,0,True
30,2,5866,18,0,0,1,0,0,0,1,0,0,0,1,0,0,0,0,0,0,False
44,2,5943,24,1,0,1,0,1,0,0,0,0,0,0,0,0,0,1,0,0,True
33,1,727,12,0,0,1,0,0,0,1,0,0,0,0,0,0,0,1,0,0,True
26,2,2812,24,1,0,0,1,1,0,0,0,0,0,1,0,0,0,0,0,0,False
24,2,4308,48,1,0,0,1,0,1,0,0,0,1,0,0,0,0,0,0,0,True
24,2,6187,30,0,0,0,1,0,0,1,0,0,0,1,0,0,0,0,0,0,False
27,2,1295,18,1,0,1,0,0,1,0,0,0,0,0,0,0,1,0,0,0,False
38,3,5711,36,0,0,1,0,0,0,0,0,1,0,1,0,0,0,0,0,0,False
31,2,6110,48,0,1,0,0,0,1,0,0,0,0,0,0,1,0,0,0,0,False
49,2,8386,30,0,0,1,0,0,1,0,0,0,0,0,0,0,1,0,0,0,True
23,3,1961,18,1,0,1,0,0,1,0,0,0,0,1,0,0,0,0,0,0,False
26,2,1158,12,0,0,1,0,0,0,0,1,0,0,0,0,0,0,1,0,0,False
31,1,1410,12,0,0,1,0,0,1,0,0,0,0,0,0,1,0,0,0,0,False
35,3,7253,33,0,0,1,0,0,1,0,0,0,0,1,0,0,0,0,0,0,False
29,2,683,6,1,0,1,0,0,1,0,0,0,0,0,0,0,0,1,0,0,False
55,2,1413,12,0,0,1,0,0,0,0,0,1,0,1,0,0,0,0,0,0,False
28,2,5371,36,0,0,1,0,0,1,0,0,0,0,0,0,0,1,0,0,0,False
26,1,4280,30,1,0,0,1,0,0,1,0,0,1,0,0,0,0,0,0,0,True
40,3,1358,24,0,0,1,0,1,0,0,0,0,0,0,0,0,0,0,0,1,True
63,2,781,10,0,1,0,0,0,1,0,0,0,0,1,0,0,0,0,0,0,False
37,2,3380,4,1,0,1,0,0,1,0,0,0,0,1,0,0,0,0,0,0,False
27,1,1082,9,0,0,1,0,0,1,0,0,0,0,0,0,0,0,1,0,0,False
36,2,2337,36,0,0,1,0,0,1,0,0,0,0,0,0,0,0,1,0,0,False
36,2,846,7,0,1,0,0,1,0,0,0,0,0,0,0,0,0,1,0,0,False
24,2,8487,48,1,0,1,0,1,0,0,0,0,0,1,0,0,0,0,0,0,False
40,3,1905,15,0,0,0,1,0,1,0,0,0,0,0,0,1,0,0,0,0,False
44,2,1804,12,0,0,1,0,0,0,1,0,0,0,1,0,0,0,0,0,0,False
24,2,652,12,1,0,0,1,0,1,0,0,0,0,0,0,0,1,0,0,0,False
22,2,1331,12,0,0,1,0,0,1,0,0,0,0,0,0,0,0,1,0,0,True
36,2,3079,36,0,0,1,0,1,0,0,0,0,0,1,0,0,0,0,0,0,False
26,2,2687,15,0,0,0,1,0,1,0,0,0,1,0,0,0,0,0,0,0,False
26,2,1330,12,0,0,1,0,0,1,0,0,0,0,1,0,0,0,0,0,0,False
27,1,1168,12,0,0,1,0,0,1,0,0,0,0,1,0,0,0,0,0,0,False
42,2,3446,36,0,0,1,0,0,1,0,0,0,0,0,0,0,1,0,0,0,True
67,3,1199,9,1,0,1,0,0,1,0,0,0,0,0,0,1,0,0,0,0,False
22,2,741,12,1,0,1,0,0,0,1,0,0,0,0,1,0,0,0,0,0,True
40,3,7374,18,0,0,1,0,0,1,0,0,0,0,0,0,0,1,0,0,0,False
28,2,2169,18,0,0,1,0,0,1,0,0,0,1,0,0,0,0,0,0,0,True
62,2,1338,6,0,0,1,0,0,0,0,1,0,0,0,1,0,0,0,0,0,False
44,3,6419,24,1,1,0,0,0,1,0,0,0,0,1,0,0,0,0,0,0,False
25,2,975,15,0,0,1,0,0,1,0,0,0,0,0,0,0,1,0,0,0,False
35,1,2684,24,0,0,1,0,0,1,0,0,0,0,0,0,0,0,1,0,0,False
74,3,4526,24,0,0,1,0,0,1,0,0,0,1,0,0,0,0,0,0,0,False
27,2,951,12,1,0,0,1,0,0,1,0,0,0,0,0,0,1,0,0,0,True
58,2,15945,54,0,0,0,1,0,1,0,0,0,1,0,0,0,0,0,0,0,True
29,2,3556,15,0,0,1,0,1,0,0,0,0,0,1,0,0,0,0,0,0,False
42,1,1455,4,0,0,1,0,0,1,0,0,0,0,1,0,0,0,0,0,0,False
31,2,1935,24,0,0,1,0,0,1,0,0,0,1,0,0,0,0,0,0,0,True
49,1,3124,12,0,0,1,0,0,1,0,0,0,0,1,0,0,0,0,0,0,False
33,2,1543,6,0,0,1,0,0,0,0,0,1,0,0,0,0,1,0,0,0,False
49,2,2964,24,0,1,0,0,1,0,0,0,0,0,1,0,0,0,0,0,0,False
32,1,1442,18,0,1,0,0,0,1,0,0,0,0,1,0,0,0,0,0,0,True
63,3,13756,60,0,1,0,0,1,0,0,0,0,0,1,0,0,0,0,0,0,False
31,2,6148,20,0,0,1,0,0,0,1,0,0,0,1,0,0,0,0,0,0,False
41,3,6313,24,0,0,1,0,1,0,0,0,0,0,1,0,0,0,0,0,0,False
53,3,7865,12,0,1,0,0,0,1,0,0,0,0,0,0,0,1,0,0,0,True
23,2,1297,12,0,0,0,1,0,1,0,0,0,0,0,0,0,0,1,0,0,False
22,2,2462,18,0,0,1,0,0,1,0,0,0,0,0,0,0,1,0,0,0,True
68,2,6761,18,0,0,0,1,1,0,0,0,0,0,1,0,0,0,0,0,0,True
28,2,9572,36,0,0,1,0,0,1,0,0,0,1,0,0,0,0,0,0,0,True
37,2,7409,36,0,0,1,0,1,0,0,0,0,1,0,0,0,0,0,0,0,False
29,2,6887,36,0,0,1,0,0,1,0,0,0,0,0,0,1,0,0,0,0,True
31,2,3621,24,0,0,1,0,0,0,1,0,0,0,0,0,0,0,1,0,0,True
23,0,1352,6,1,0,0,1,0,0,0,1,0,0,1,0,0,0,0,0,0,False
66,0,1480,12,0,1,0,0,0,0,0,1,0,0,1,0,0,0,0,0,0,False
36,2,1028,18,1,0,1,0,0,1,0,0,0,0,1,0,0,0,0,0,0,False
21,2,902,12,0,0,0,1,0,1,0,0,0,0,0,0,1,0,0,0,0,True
52,1,2315,10,0,0,1,0,0,1,0,0,0,0,0,0,0,0,1,0,0,False
19,2,1980,9,1,0,0,1,0,1,0,0,0,0,0,0,0,1,0,0,0,True
23,2,1553,24,1,0,0,1,0,0,1,0,0,0,0,0,0,0,1,0,0,False
48,1,1240,10,1,1,0,0,0,0,1,0,0,0,1,0,0,0,0,0,0,True
46,2,1223,12,0,0,0,1,0,1,0,0,0,0,1,0,0,0,0,0,0,True
28,3,2606,21,1,0,0,1,0,1,0,0,0,0,0,0,0,0,1,0,0,False
54,2,1409,12,0,0,1,0,0,1,0,0,0,0,1,0,0,0,0,0,0,False
24,1,1568,18,1,0,0,1,0,0,1,0,0,1,0,0,0,0,0,0,0,False
74,1,3448,5,0,0,1,0,0,1,0,0,0,1,0,0,0,0,0,0,0,False
67,2,3872,18,1,0,1,0,0,1,0,0,0,0,0,0,0,0,0,1,0,False
36,3,2366,12,0,0,1,0,0,0,0,1,0,0,1,0,0,0,0,0,0,False
40,2,7678,36,1,0,1,0,0,0,0,1,0,0,0,0,0,1,0,0,0,False
28,3,9398,36,0,0,0,1,0,1,0,0,0,0,1,0,0,0,0,0,0,True
31,2,9566,36,1,0,1,0,0,1,0,0,0,0,0,0,0,0,1,0,0,False
32,2,1938,24,0,0,1,0,0,1,0,0,0,0,0,0,0,0,1,0,0,True
29,2,2149,12,0,1,0,0,0,1,0,0,0,0,0,0,0,0,1,0,0,True
34,3,6614,36,0,0,1,0,0,1,0,0,0,0,1,0,0,0,0,0,0,False
38,3,2859,12,0,0,1,0,1,0,0,0,0,0,1,0,0,0,0,0,0,False
29,2,2629,20,0,0,1,0,0,1,0,0,0,0,0,0,0,0,0,0,1,False
44,1,6204,18,0,0,1,0,0,1,0,0,0,0,0,0,0,0,0,1,0,False
37,2,3676,6,0,0,0,1,0,1,0,0,0,0,1,0,0,0,0,0,0,False
27,2,2326,15,0,0,1,0,0,0,0,1,0,1,0,0,0,0,0,0,0,False
44,3,3384,6,0,0,0,1,0,1,0,0,0,0,0,0,0,1,0,0,0,True
28,2,3060,48,0,0,1,0,0,1,0,0,0,0,0,0,0,0,1,0,0,True
74,0,1299,6,0,0,1,0,0,1,0,0,0,0,1,0,0,0,0,0,0,False
35,1,1418,10,0,0,0,1,0,0,1,0,0,0,1,0,0,0,0,0,0,False
23,2,996,12,1,0,1,0,1,0,0,0,0,0,0,0,0,0,0,1,0,False
44,2,3485,20,0,0,1,0,1,0,0,0,0,0,1,0,0,0,0,0,0,False
31,2,3378,18,0,0,1,0,1,0,0,0,0,0,1,0,0,0,0,0,0,False
30,2,1224,9,0,0,1,0,0,1,0,0,0,0,1,0,0,0,0,0,0,False
28,1,745,9,1,0,1,0,0,1,0,0,0,0,0,0,0,0,1,0,0,True
34,3,1860,12,0,0,1,0,0,1,0,0,0,0,1,0,0,0,0,0,0,False
24,2,4272,20,1,0,1,0,0,1,0,0,0,0,0,0,0,1,0,0,0,False
34,2,2415,7,0,0,1,0,0,1,0,0,0,0,0,0,0,0,1,0,0,False
50,2,3777,24,0,0,1,0,0,0,0,0,1,0,0,0,0,1,0,0,0,False
36,2,2181,30,0,0,1,0,1,0,0,0,0,0,1,0,0,0,0,0,0,False
32,2,4594,18,0,0,1,0,0,1,0,0,0,0,0,0,0,0,1,0,0,False
26,2,759,12,0,0,1,0,0,1,0,0,0,0,1,0,0,0,0,0,0,True
26,3,4530,30,1,0,0,1,0,1,0,0,0,0,0,0,0,0,1,0,0,False
38,2,1924,10,0,0,1,0,0,1,0,0,0,0,0,0,0,0,1,0,0,False
35,1,3447,12,1,0,1,0,0,0,0,1,0,0,0,0,1,0,0,0,0,False
27,3,14027,60,0,0,1,0,0,1,0,0,0,0,1,0,0,0,0,0,0,True
34,1,2864,18,0,0,1,0,0,1,0,0,0,0,0,0,0,1,0,0,0,True
61,1,1255,12,0,0,1,0,0,1,0,0,0,0,1,0,0,0,0,0,0,False
26,2,4370,42,0,0,1,0,0,1,0,0,0,0,0,0,0,0,1,0,0,True
38,0,926,12,1,0,1,0,0,1,0,0,0,0,1,0,0,0,0,0,0,False
37,2,802,15,0,0,1,0,0,1,0,0,0,0,0,0,0,0,1,0,0,True
49,2,1092,12,1,0,1,0,0,1,0,0,0,0,0,0,0,0,1,0,0,False
34,3,1591,21,0,0,1,0,0,0,1,0,0,0,0,0,0,1,0,0,0,False
34,2,4454,36,1,0,1,0,0,1,0,0,0,0,0,0,0,0,1,0,0,False
51,2,682,12,1,0,1,0,0,0,1,0,0,0,1,0,0,0,0,0,0,False
41,2,6361,18,0,0,1,0,0,1,0,0,0,0,0,0,0,1,0,0,0,False
22,1,1258,12,1,0,0,1,0,1,0,0,0,0,0,0,0,1,0,0,0,False
23,1,2520,27,0,0,1,0,0,0,0,1,0,0,0,0,0,0,1,0,0,True
52,2,338,6,0,0,1,0,0,0,0,1,0,0,0,0,0,0,1,0,0,False
36,3,7057,20,0,0,0,1,1,0,0,0,0,0,1,0,0,0,0,0,0,False
33,2,2235,20,0,0,0,1,0,1,0,0,0,0,1,0,0,0,0,0,0,True
55,3,1424,12,1,0,1,0,1,0,0,0,0,0,0,0,0,1,0,0,0,False
29,3,11328,24,0,0,1,0,0,1,0,0,0,0,0,0,0,0,0,0,1,True
28,2,1249,24,0,0,1,0,0,1,0,0,0,0,1,0,0,0,0,0,0,False
37,1,2118,9,0,0,1,0,0,1,0,0,0,0,0,0,0,0,1,0,0,False
32,2,1285,24,1,0,0,1,1,0,0,0,0,0,1,0,0,0,0,0,0,True
47,2,3578,48,0,0,1,0,1,0,0,0,0,0,0,0,0,0,1,0,0,False
32,2,2848,10,0,0,1,0,0,0,1,0,0,0,1,0,0,0,0,0,0,False
25,2,3509,18,1,0,1,0,0,1,0,0,0,0,0,0,0,0,1,0,0,False
51,3,1164,8,0,1,0,0,0,1,0,0,0,0,0,0,0,0,0,0,1,False
35,2,3976,21,0,0,1,0,1,0,0,0,0,0,0,0,0,1,0,0,0,False
37,2,3612,18,1,0,1,0,0,1,0,0,0,0,0,0,0,1,0,0,0,False
24,2,5595,72,0,0,1,0,0,0,1,0,0,0,0,0,0,0,1,0,0,True
57,1,709,12,0,0,1,0,0,1,0,0,0,0,0,0,0,0,1,0,0,True
26,2,8229,36,0,0,1,0,0,1,0,0,0,0,1,0,0,0,0,0,0,True
26,2,3414,21,0,0,1,0,0,1,0,0,0,0,0,0,1,0,0,0,0,True
47,2,12612,36,0,1,0,0,0,0,1,0,0,0,0,0,1,0,0,0,0,True
45,1,1750,6,0,0,1,0,0,0,0,1,0,0,0,0,0,0,1,0,0,False
52,2,3077,12,0,0,1,0,0,1,0,0,0,0,0,0,0,0,1,0,0,False
35,2,5324,15,1,1,0,0,0,0,0,1,0,0,1,0,0,0,0,0,0,False
29,1,1494,4,0,0,1,0,1,0,0,0,0,0,1,0,0,0,0,0,0,False
55,3,2578,12,1,1,0,0,0,1,0,0,0,0,0,0,0,1,0,0,0,False
45,2,2329,7,1,0,1,0,0,1,0,0,0,0,0,0,0,0,1,0,0,False
28,1,654,9,0,0,1,0,0,1,0,0,0,0,1,0,0,0,0,0,0,True
30,2,8133,36,1,0,1,0,0,1,0,0,0,0,1,0,0,0,0,0,0,False
32,2,3863,24,0,1,0,0,0,1,0,0,0,1,0,0,0,0,0,0,0,False
24,0,7472,12,1,0,0,1,1,0,0,0,0,0,1,0,0,0,0,0,0,False
55,2,1555,12,0,1,0,0,0,0,0,0,1,0,0,0,0,0,0,1,0,True
49,1,1262,12,0,0,1,0,1,0,0,0,0,0,0,0,0,1,0,0,0,False
66,1,790,9,1,0,1,0,0,0,0,1,0,0,0,0,0,0,1,0,0,False
28,3,5234,30,0,0,1,0,0,1,0,0,0,0,1,0,0,0,0,0,0,True
23,2,2406,30,1,0,0,1,0,1,0,0,0,0,0,0,0,1,0,0,0,True
25,2,2969,12,1,0,0,1,0,1,0,0,0,0,0,0,0,1,0,0,0,True
30,3,12680,21,0,1,0,0,1,0,0,0,0,0,1,0,0,0,0,0,0,True
48,2,1082,12,0,0,1,0,0,1,0,0,0,0,1,0,0,0,0,0,0,True
36,2,3915,27,0,0,1,0,0,1,0,0,0,1,0,0,0,0,0,0,0,True
64,1,3832,9,0,0,1,0,1,0,0,0,0,0,0,0,1,0,0,0,0,False
31,1,1928,18,0,0,1,0,0,1,0,0,0,0,0,0,0,1,0,0,0,True
31,1,9857,36,0,0,1,0,0,0,1,0,0,1,0,0,0,0,0,0,0,False
32,2,1136,9,0,1,0,0,0,0,0,0,1,0,0,0,1,0,0,0,0,True
26,0,1778,15,1,0,0,1,0,1,0,0,0,0,1,0,0,0,0,0,0,True
23,2,15672,48,0,0,1,0,0,1,0,0,0,1,0,0,0,0,0,0,0,True
49,2,8386,30,0,0,1,0,0,1,0,0,0,0,0,0,0,1,0,0,0,True
45,2,2303,24,0,0,1,0,0,1,0,0,0,0,1,0,0,0,0,0,0,True
22,2,1331,12,0,0,1,0,0,1,0,0,0,0,0,0,0,0,1,0,0,True
24,1,1546,24,0,0,0,1,0,1,0,0,0,0,0,0,0,0,1,0,0,True
44,3,12579,24,1,1,0,0,0,1,0,0,0,0,1,0,0,0,0,0,0,True
48,1,1240,10,1,1,0,0,0,0,1,0,0,0,1,0,0,0,0,0,0,True
41,1,719,12,0,0,1,0,0,1,0,0,0,0,0,0,1,0,0,0,0,True
34,2,3965,42,0,0,1,0,0,1,0,0,0,0,0,0,0,0,1,0,0,True
27,1,1309,10,0,0,1,0,1,0,0,0,0,0,1,0,0,0,0,0,0,True
20,2,1282,12,1,0,0,1,0,1,0,0,0,0,0,0,0,1,0,0,0,True
44,3,3384,6,0,0,0,1,0,1,0,0,0,0,0,0,0,1,0,0,0,True
43,1,1533,18,0,0,1,0,0,1,0,0,0,0,0,0,0,1,0,0,0,True
39,3,6458,18,0,0,1,0,0,1,0,0,0,0,1,0,0,0,0,0,0,True
32,3,18424,48,1,0,1,0,0,1,0,0,0,0,0,0,0,0,0,0,1,True
26,1,4280,30,1,0,0,1,0,0,1,0,0,1,0,0,0,0,0,0,0,True
26,2,8229,36,0,0,1,0,0,1,0,0,0,0,1,0,0,0,0,0,0,True
28,2,939,12,0,0,1,0,0,0,0,1,0,0,1,0,0,0,0,0,0,True
27,1,1309,10,0,0,1,0,1,0,0,0,0,0,1,0,0,0,0,0,0,True
34,2,6999,48,0,0,1,0,0,1,0,0,0,0,0,0,0,0,1,0,0,True
43,1,1533,18,0,0,1,0,0,1,0,0,0,0,0,0,0,1,0,0,0,True
32,1,1282,24,1,0,1,0,0,0,1,0,0,0,0,0,0,0,1,0,0,True
50,2,5293,27,0,0,1,0,0,1,0,0,0,1,0,0,0,0,0,0,0,True
23,2,1845,45,0,1,0,0,0,1,0,0,0,0,0,0,0,0,1,0,0,True
27,3,1422,9,0,1,0,0,0,1,0,0,0,0,1,0,0,0,0,0,0,True
45,3,8978,14,0,0,1,0,0,1,0,0,0,0,1,0,0,0,0,0,0,True
44,3,12579,24,1,1,0,0,0,1,0,0,0,0,1,0,0,0,0,0,0,True
59,2,6416,48,1,0,0,1,0,1,0,0,0,1,0,0,0,0,0,0,0,True
36,2,1372,12,0,0,1,0,0,1,0,0,0,0,1,0,0,0,0,0,0,True
31,2,3621,24,0,0,1,0,0,0,1,0,0,0,0,0,0,0,1,0,0,True
22,2,741,12,1,0,1,0,0,0,1,0,0,0,0,1,0,0,0,0,0,True
25,2,1371,24,1,0,0,1,1,0,0,0,0,0,1,0,0,0,0,0,0,True
34,1,11998,30,0,0,1,0,0,1,0,0,0,0,0,0,0,0,0,1,0,True
49,2,8386,30,0,0,1,0,0,1,0,0,0,0,0,0,0,1,0,0,0,True
24,2,433,6,1,0,0,1,0,0,0,0,1,0,0,0,1,0,0,0,0,True
66,3,1908,30,0,0,1,0,0,1,0,0,0,1,0,0,0,0,0,0,0,True
44,3,3384,6,0,0,0,1,0,1,0,0,0,0,0,0,0,1,0,0,0,True
22,2,1478,9,0,0,1,0,0,1,0,0,0,0,0,0,0,0,1,0,0,True
37,2,1819,36,0,1,0,0,0,1,0,0,0,0,0,0,1,0,0,0,0,True
25,3,8065,36,1,0,1,0,0,1,0,0,0,0,0,0,1,0,0,0,0,True
25,3,8065,36,1,0,1,0,0,1,0,0,0,0,0,0,1,0,0,0,0,True
23,2,1534,12,0,0,0,1,0,1,0,0,0,0,0,0,0,0,1,0,0,True
25,2,1882,18,1,0,0,1,0,1,0,0,0,0,0,0,0,0,1,0,0,True
44,2,10127,48,0,1,0,0,0,0,0,1,0,0,1,0,0,0,0,0,0,True
26,1,4280,30,1,0,0,1,0,0,1,0,0,1,0,0,0,0,0,0,0,True
44,3,12579,24,1,1,0,0,0,1,0,0,0,0,1,0,0,0,0,0,0,True
30,3,5096,48,1,0,1,0,0,1,0,0,0,0,0,0,0,1,0,0,0,True
61,2,1512,15,0,0,1,0,0,0,0,0,1,0,0,0,0,0,0,1,0,True
44,2,10127,48,0,1,0,0,0,0,0,1,0,0,1,0,0,0,0,0,0,True
43,2,4057,24,0,0,1,0,0,1,0,0,0,0,0,0,0,1,0,0,0,True
32,1,1442,18,0,1,0,0,0,1,0,0,0,0,1,0,0,0,0,0,0,True
26,3,4463,36,0,0,1,0,0,1,0,0,0,0,0,0,0,0,1,0,0,True
47,2,8335,36,0,1,0,0,1,0,0,0,0,0,1,0,0,0,0,0,0,True
53,3,7865,12,0,1,0,0,0,1,0,0,0,0,0,0,0,1,0,0,0,True
28,2,6199,12,0,0,0,1,0,1,0,0,0,0,0,0,0,0,1,0,0,True
27,2,10961,48,0,0,1,0,0,0,0,0,1,0,0,0,0,0,1,0,0,True
39,3,11938,24,0,0,1,0,0,1,0,0,0,0,0,0,0,0,0,0,1,True
55,2,6872,24,0,0,1,0,0,1,0,0,0,0,0,0,0,1,0,0,0,True
37,2,12389,36,0,1,0,0,1,0,0,0,0,0,1,0,0,0,0,0,0,True
37,2,12389,36,0,1,0,0,1,0,0,0,0,0,1,0,0,0,0,0,0,True
43,2,4843,12,0,0,0,1,0,1,0,0,0,0,1,0,0,0,0,0,0,True
33,2,950,15,0,0,0,1,0,1,0,0,0,0,1,0,0,0,0,0,0,True
25,2,1835,21,1,0,1,0,0,1,0,0,0,0,0,0,0,0,1,0,0,True
27,2,1924,18,1,0,0,1,1,0,0,0,0,0,0,0,0,1,0,0,0,True
47,2,12612,36,0,1,0,0,0,0,1,0,0,0,0,0,1,0,0,0,0,True
23,2,448,6,1,0,1,0,0,1,0,0,0,0,0,0,1,0,0,0,0,True
25,2,1371,24,1,0,0,1,1,0,0,0,0,0,1,0,0,0,0,0,0,True
22,2,3092,24,0,0,0,1,0,0,1,0,0,0,0,0,0,0,1,0,0,True
24,2,2145,36,0,0,1,0,0,1,0,0,0,1,0,0,0,0,0,0,0,True
24,2,1275,15,1,0,0,1,1,0,0,0,0,0,0,1,0,0,0,0,0,True
36,2,884,18,0,0,1,0,0,1,0,0,0,0,1,0,0,0,0,0,0,True
43,2,4057,24,0,0,1,0,0,1,0,0,0,0,0,0,0,1,0,0,0,True
24,2,1207,24,1,0,0,1,0,1,0,0,0,0,1,0,0,0,0,0,0,True
24,3,7408,60,1,0,1,0,0,0,1,0,0,0,1,0,0,0,0,0,0,True
28,3,3349,36,1,0,1,0,0,1,0,0,0,0,0,0,0,1,0,0,0,True
26,2,3414,21,0,0,1,0,0,1,0,0,0,0,0,0,1,0,0,0,0,True
68,3,14896,6,0,0,1,0,0,1,0,0,0,0,1,0,0,0,0,0,0,True
24,1,626,12,1,0,1,0,0,1,0,0,0,0,0,0,0,0,1,0,0,True
30,3,7174,42,1,0,1,0,1,0,0,0,0,0,0,0,0,0,1,0,0,True
23,1,1246,24,0,0,1,0,0,1,0,0,0,0,1,0,0,0,0,0,0,True
37,1,1922,12,0,0,1,0,0,1,0,0,0,0,0,0,0,1,0,0,0,True
38,2,3914,48,0,0,1,0,1,0,0,0,0,1,0,0,0,0,0,0,0,True
34,2,6999,48,0,0,1,0,0,1,0,0,0,0,0,0,0,0,1,0,0,True
24,2,433,6,1,0,0,1,0,0,0,0,1,0,0,0,1,0,0,0,0,True
37,2,7685,48,1,0,0,1,0,1,0,0,0,1,0,0,0,0,0,0,0,True
37,2,12389,36,0,1,0,0,1,0,0,0,0,0,1,0,0,0,0,0,0,True
23,2,1534,12,0,0,0,1,0,1,0,0,0,0,0,0,0,0,1,0,0,True
66,3,1908,30,0,0,1,0,0,1,0,0,0,1,0,0,0,0,0,0,0,True
33,2,950,15,0,0,0,1,0,1,0,0,0,0,1,0,0,0,0,0,0,True
39,3,6458,18,0,0,1,0,0,1,0,0,0,0,1,0,0,0,0,0,0,True
43,2,2625,16,0,0,0,1,0,1,0,0,0,0,1,0,0,0,0,0,0,True
38,3,12976,18,1,1,0,0,0,1,0,0,0,0,1,0,0,0,0,0,0,True
37,1,1344,24,0,0,1,0,1,0,0,0,0,0,1,0,0,0,0,0,0,True
53,3,7865,12,0,1,0,0,0,1,0,0,0,0,0,0,0,1,0,0,0,True
41,2,2712,36,0,0,1,0,0,1,0,0,0,0,0,0,0,1,0,0,0,True
20,2,2039,18,1,0,0,1,0,1,0,0,0,0,0,0,0,1,0,0,0,True
42,2,3446,36,0,0,1,0,0,1,0,0,0,0,0,0,0,1,0,0,0,True
26,0,1778,15,1,0,0,1,0,1,0,0,0,0,1,0,0,0,0,0,0,True
61,2,1512,15,0,0,1,0,0,0,0,0,1,0,0,0,0,0,0,1,0,True
23,2,7127,36,1,0,0,1,0,1,0,0,0,0,0,0,0,1,0,0,0,True
22,2,2462,18,0,0,1,0,0,1,0,0,0,0,0,0,0,1,0,0,0,True
24,2,9629,36,0,0,1,0,0,1,0,0,0,0,1,0,0,0,0,0,0,True
32,2,1530,18,0,0,1,0,0,1,0,0,0,0,1,0,0,0,0,0,0,True
47,2,12612,36,0,1,0,0,0,0,1,0,0,0,0,0,1,0,0,0,0,True
39,3,3345,24,0,0,0,1,0,1,0,0,0,0,0,0,0,1,0,0,0,True
22,2,2039,24,0,0,1,0,0,1,0,0,0,0,0,0,0,0,1,0,0,True
59,2,6416,48,1,0,0,1,0,1,0,0,0,1,0,0,0,0,0,0,0,True
32,2,1285,24,1,0,0,1,1,0,0,0,0,0,1,0,0,0,0,0,0,True
36,2,884,18,0,0,1,0,0,1,0,0,0,0,1,0,0,0,0,0,0,True
31,1,3108,30,0,0,1,0,0,1,0,0,0,0,0,0,0,1,0,0,0,True
29,2,6887,36,0,0,1,0,0,1,0,0,0,0,0,0,1,0,0,0,0,True
46,2,697,12,0,0,1,0,0,1,0,0,0,0,1,0,0,0,0,0,0,True
23,2,15672,48,0,0,1,0,0,1,0,0,0,1,0,0,0,0,0,0,0,True
60,3,14782,60,1,1,0,0,0,0,1,0,0,0,0,0,0,0,0,0,1,True
74,3,5129,9,1,1,0,0,0,1,0,0,0,0,1,0,0,0,0,0,0,True
27,2,8648,24,0,0,1,0,0,1,0,0,0,1,0,0,0,0,0,0,0,True
20,2,674,12,0,0,1,0,0,0,1,0,0,0,0,0,0,0,1,0,0,True
68,3,14896,6,0,0,1,0,0,1,0,0,0,0,1,0,0,0,0,0,0,True
47,2,8335,36,0,1,0,0,1,0,0,0,0,0,1,0,0,0,0,0,0,True
49,2,8386,30,0,0,1,0,0,1,0,0,0,0,0,0,0,1,0,0,0,True
40,3,1977,36,0,0,1,0,1,0,0,0,0,0,0,0,1,0,0,0,0,True
22,2,741,12,1,0,1,0,0,0,1,0,0,0,0,1,0,0,0,0,0,True
41,1,888,12,0,0,1,0,0,1,0,0,0,0,1,0,0,0,0,0,0,True
27,2,3123,24,1,0,1,0,0,1,0,0,0,0,1,0,0,0,0,0,0,True
23,2,1216,18,1,0,0,1,0,1,0,0,0,0,1,0,0,0,0,0,0,True
32,1,931,6,1,0,1,0,0,0,1,0,0,0,1,0,0,0,0,0,0,True
34,2,3965,42,0,0,1,0,0,1,0,0,0,0,0,0,0,0,1,0,0,True
29,2,5179,36,0,0,1,0,0,1,0,0,0,0,0,0,0,1,0,0,0,True
74,3,5129,9,1,1,0,0,0,1,0,0,0,0,1,0,0,0,0,0,0,True
21,2,3031,45,0,0,0,1,0,0,1,0,0,0,0,0,0,0,1,0,0,True
23,2,7127,36,1,0,0,1,0,1,0,0,0,0,0,0,0,1,0,0,0,True
26,2,3114,18,1,0,0,1,0,1,0,0,0,0,0,0,0,1,0,0,0,True
24,2,1275,15,1,0,0,1,1,0,0,0,0,0,0,1,0,0,0,0,0,True
68,2,6761,18,0,0,0,1,1,0,0,0,0,0,1,0,0,0,0,0,0,True
66,1,766,12,0,0,1,0,0,0,0,1,0,0,0,0,0,0,1,0,0,True
26,2,3414,21,0,0,1,0,0,1,0,0,0,0,0,0,1,0,0,0,0,True
25,1,4736,24,1,0,1,0,0,1,0,0,0,0,0,0,0,1,0,0,0,True
31,2,1935,24,0,0,1,0,0,1,0,0,0,1,0,0,0,0,0,0,0,True
61,2,1512,15,0,0,1,0,0,0,0,0,1,0,0,0,0,0,0,1,0,True
27,2,3123,24,1,0,1,0,0,1,0,0,0,0,1,0,0,0,0,0,0,True
34,3,1501,9,1,0,1,0,0,1,0,0,0,0,0,0,1,0,0,0,0,True
28,2,6199,12,0,0,0,1,0,1,0,0,0,0,0,0,0,0,1,0,0,True
30,2,639,12,0,0,1,0,0,1,0,0,0,0,0,0,0,0,0,1,0,True
36,2,884,18,0,0,1,0,0,1,0,0,0,0,1,0,0,0,0,0,0,True
61,2,1512,15,0,0,1,0,0,0,0,0,1,0,0,0,0,0,0,1,0,True
31,1,3108,30,0,0,1,0,0,1,0,0,0,0,0,0,0,1,0,0,0,True
30,3,1919,30,0,0,1,0,0,0,1,0,0,0,0,0,0,0,1,0,0,True
53,2,4870,24,0,1,0,0,0,1,0,0,0,0,1,0,0,0,0,0,0,True
43,2,2625,16,0,0,0,1,0,1,0,0,0,0,1,0,0,0,0,0,0,True
26,2,3114,18,1,0,0,1,0,1,0,0,0,0,0,0,0,1,0,0,0,True
24,1,11590,48,1,0,0,1,0,0,1,0,0,0,1,0,0,0,0,0,0,True
47,2,8335,36,0,1,0,0,1,0,0,0,0,0,1,0,0,0,0,0,0,True
26,2,4370,42,0,0,1,0,0,1,0,0,0,0,0,0,0,0,1,0,0,True
22,2,1670,9,1,0,1,0,0,1,0,0,0,0,0,0,0,0,1,0,0,True
22,2,1331,12,0,0,1,0,0,1,0,0,0,0,0,0,0,0,1,0,0,True
24,2,433,6,1,0,0,1,0,0,0,0,1,0,0,0,1,0,0,0,0,True
34,2,6999,48,0,0,1,0,0,1,0,0,0,0,0,0,0,0,1,0,0,True
32,2,1285,24,1,0,0,1,1,0,0,0,0,0,1,0,0,0,0,0,0,True
59,2,6416,48,1,0,0,1,0,1,0,0,0,1,0,0,0,0,0,0,0,True
21,2,902,12,0,0,0,1,0,1,0,0,0,0,0,0,1,0,0,0,0,True
35,2,2397,24,0,0,1,0,0,0,0,1,0,0,0,0,0,0,1,0,0,True
34,2,1842,36,1,0,1,0,0,1,0,0,0,0,1,0,0,0,0,0,0,True
33,2,2319,21,0,0,0,1,0,1,0,0,0,0,0,0,1,0,0,0,0,True
23,2,4281,33,1,0,1,0,0,0,0,1,0,0,0,0,0,1,0,0,0,True
32,3,18424,48,1,0,1,0,0,1,0,0,0,0,0,0,0,0,0,0,1,True
26,1,4280,30,1,0,0,1,0,0,1,0,0,1,0,0,0,0,0,0,0,True
34,2,3965,42,0,0,1,0,0,1,0,0,0,0,0,0,0,0,1,0,0,True
24,2,1237,8,1,0,1,0,0,1,0,0,0,0,0,0,0,1,0,0,0,True
26,0,609,12,1,0,1,0,0,1,0,0,0,1,0,0,0,0,0,0,0,True
30,2,639,12,0,0,1,0,0,1,0,0,0,0,0,0,0,0,0,1,0,True
33,2,1042,18,1,0,1,0,1,0,0,0,0,0,1,0,0,0,0,0,0,True
38,2,3914,48,0,0,1,0,1,0,0,0,0,1,0,0,0,0,0,0,0,True
25,2,1264,15,0,0,0,1,0,0,1,0,0,0,1,0,0,0,0,0,0,True
25,1,685,12,0,0,1,0,0,1,0,0,0,0,1,0,0,0,0,0,0,True
53,2,795,12,1,0,1,0,0,1,0,0,0,0,0,0,1,0,0,0,0,True
44,2,10127,48,0,1,0,0,0,0,0,1,0,0,1,0,0,0,0,0,0,True
50,2,2671,36,1,1,0,0,0,0,1,0,0,0,0,0,0,0,1,0,0,True
37,2,12389,36,0,1,0,0,1,0,0,0,0,0,1,0,0,0,0,0,0,True
27,2,1924,18,1,0,0,1,1,0,0,0,0,0,0,0,0,1,0,0,0,True
35,2,1198,6,1,1,0,0,0,1,0,0,0,0,0,0,1,0,0,0,0,True
34,2,6999,48,0,0,1,0,0,1,0,0,0,0,0,0,0,0,1,0,0,True
24,2,1275,15,1,0,0,1,1,0,0,0,0,0,0,1,0,0,0,0,0,True
36,2,1372,12,0,0,1,0,0,1,0,0,0,0,1,0,0,0,0,0,0,True
60,2,2246,12,0,0,1,0,0,1,0,0,0,0,0,0,0,1,0,0,0,True
40,1,1647,21,0,0,1,0,1,0,0,0,0,0,1,0,0,0,0,0,0,True
47,2,12612,36,0,1,0,0,0,0,1,0,0,0,0,0,1,0,0,0,0,True
27,3,1422,9,0,1,0,0,0,1,0,0,0,0,1,0,0,0,0,0,0,True
36,2,4165,18,0,0,1,0,0,1,0,0,0,1,0,0,0,0,0,0,0,True
29,1,1123,12,1,0,0,1,0,0,0,1,0,0,0,0,0,1,0,0,0,True
23,1,3234,24,1,0,0,1,0,1,0,0,0,0,0,0,0,1,0,0,0,True
25,2,1264,15,0,0,0,1,0,0,1,0,0,0,1,0,0,0,0,0,0,True
46,2,3931,48,0,1,0,0,0,1,0,0,0,0,1,0,0,0,0,0,0,True
41,1,888,12,0,0,1,0,0,1,0,0,0,0,1,0,0,0,0,0,0,True
29,3,11328,24,0,0,1,0,0,1,0,0,0,0,0,0,0,0,0,0,1,True
25,2,14421,48,0,0,1,0,0,1,0,0,0,1,0,0,0,0,0,0,0,True
30,3,4455,36,0,0,1,0,0,1,0,0,0,1,0,0,0,0,0,0,0,True
66,1,766,12,0,0,1,0,0,0,0,1,0,0,0,0,0,0,1,0,0,True
28,2,4113,24,1,0,0,1,0,0,0,1,0,0,1,0,0,0,0,0,0,True
45,3,8978,14,0,0,1,0,0,1,0,0,0,0,1,0,0,0,0,0,0,True
35,2,1198,6,1,1,0,0,0,1,0,0,0,0,0,0,1,0,0,0,0,True
40,3,1977,36,0,0,1,0,1,0,0,0,0,0,0,0,1,0,0,0,0,True
45,3,8978,14,0,0,1,0,0,1,0,0,0,0,1,0,0,0,0,0,0,True
29,0,1193,24,1,0,0,1,0,1,0,0,0,0,1,0,0,0,0,0,0,True
40,3,1358,24,0,0,1,0,1,0,0,0,0,0,0,0,0,0,0,0,1,True
32,2,1530,18,0,0,1,0,0,1,0,0,0,0,1,0,0,0,0,0,0,True
45,2,2303,24,0,0,1,0,0,1,0,0,0,0,1,0,0,0,0,0,0,True
23,2,2406,30,1,0,0,1,0,1,0,0,0,0,0,0,0,1,0,0,0,True
25,1,4746,45,0,0,1,0,0,1,0,0,0,0,0,0,0,0,1,0,0,True
33,2,2319,21,0,0,0,1,0,1,0,0,0,0,0,0,1,0,0,0,0,True
28,2,1108,12,0,0,1,0,0,1,0,0,0,0,0,0,0,0,0,1,0,True
25,2,7855,36,1,0,1,0,0,1,0,0,0,0,1,0,0,0,0,0,0,True
22,2,1331,12,0,0,1,0,0,1,0,0,0,0,0,0,0,0,1,0,0,True
25,2,2969,12,1,0,0,1,0,1,0,0,0,0,0,0,0,1,0,0,0,True
34,1,3844,48,0,1,0,0,0,0,1,0,0,1,0,0,0,0,0,0,0,True
26,0,609,12,1,0,1,0,0,1,0,0,0,1,0,0,0,0,0,0,0,True
68,2,6761,18,0,0,0,1,1,0,0,0,0,0,1,0,0,0,0,0,0,True
43,2,2625,16,0,0,0,1,0,1,0,0,0,0,1,0,0,0,0,0,0,True
61,1,2767,21,0,0,0,1,0,0,1,0,0,1,0,0,0,0,0,0,0,True
23,2,4110,24,0,0,0,1,0,1,0,0,0,0,0,0,0,1,0,0,0,True
60,2,2246,12,0,0,1,0,0,1,0,0,0,0,0,0,0,1,0,0,0,True
34,1,1837,24,1,1,0,0,0,1,0,0,0,0,0,0,1,0,0,0,0,True
48,2,1024,24,0,0,1,0,0,1,0,0,0,0,0,0,0,0,1,0,0,True
58,1,6143,48,1,1,0,0,0,1,0,0,0,0,1,0,0,0,0,0,0,True
25,1,4736,24,1,0,1,0,0,1,0,0,0,0,0,0,0,1,0,0,0,True
27,0,750,18,1,0,1,0,0,1,0,0,0,0,0,0,1,0,0,0,0,True
23,2,1845,45,0,1,0,0,0,1,0,0,0,0,0,0,0,0,1,0,0,True
31,2,3621,24,0,0,1,0,0,0,1,0,0,0,0,0,0,0,1,0,0,True
40,1,1647,21,0,0,1,0,1,0,0,0,0,0,1,0,0,0,0,0,0,True
43,2,2625,16,0,0,0,1,0,1,0,0,0,0,1,0,0,0,0,0,0,True
52,3,6468,12,0,0,1,0,1,0,0,0,0,0,0,0,0,0,1,0,0,True
23,2,15672,48,0,0,1,0,0,1,0,0,0,1,0,0,0,0,0,0,0,True
44,2,5943,24,1,0,1,0,1,0,0,0,0,0,0,0,0,0,1,0,0,True
29,2,3959,15,1,0,1,0,0,1,0,0,0,0,1,0,0,0,0,0,0,True
37,1,1274,12,1,0,1,0,0,1,0,0,0,0,1,0,0,0,0,0,0,True
33,2,1042,18,1,0,1,0,1,0,0,0,0,0,1,0,0,0,0,0,0,True
55,0,1190,18,1,1,0,0,0,1,0,0,0,0,0,0,0,0,0,1,0,True
24,2,5595,72,0,0,1,0,0,0,1,0,0,0,0,0,0,0,1,0,0,True
43,2,2625,16,0,0,0,1,0,1,0,0,0,0,1,0,0,0,0,0,0,True
20,2,1282,12,1,0,0,1,0,1,0,0,0,0,0,0,0,1,0,0,0,True
28,3,9398,36,0,0,0,1,0,1,0,0,0,0,1,0,0,0,0,0,0,True
43,2,4057,24,0,0,1,0,0,1,0,0,0,0,0,0,0,1,0,0,0,True
30,3,4455,36,0,0,1,0,0,1,0,0,0,1,0,0,0,0,0,0,0,True
36,1,4241,24,0,0,1,0,0,1,0,0,0,1,0,0,0,0,0,0,0,True
60,2,2246,12,0,0,1,0,0,1,0,0,0,0,0,0,0,1,0,0,0,True
48,2,1024,24,0,0,1,0,0,1,0,0,0,0,0,0,0,0,1,0,0,True
25,2,1371,24,1,0,0,1,1,0,0,0,0,0,1,0,0,0,0,0,0,True
23,2,4281,33,1,0,1,0,0,0,0,1,0,0,0,0,0,1,0,0,0,True
33,1,2579,12,0,0,1,0,0,1,0,0,0,0,1,0,0,0,0,0,0,True
28,2,4113,24,1,0,0,1,0,0,0,1,0,0,1,0,0,0,0,0,0,True
50,2,2671,36,1,1,0,0,0,0,1,0,0,0,0,0,0,0,1,0,0,True
29,2,6887,36,0,0,1,0,0,1,0,0,0,0,0,0,1,0,0,0,0,True
38,2,3914,48,0,0,1,0,1,0,0,0,0,1,0,0,0,0,0,0,0,True
23,2,1943,18,1,0,1,0,0,1,0,0,0,0,0,0,0,0,0,1,0,True
24,2,2124,18,1,0,0,1,0,1,0,0,0,0,0,0,0,1,0,0,0,True
21,2,3031,45,0,0,0,1,0,0,1,0,0,0,0,0,0,0,1,0,0,True
34,3,1337,9,0,0,1,0,0,1,0,0,0,0,0,0,0,0,1,0,0,True
37,2,802,15,0,0,1,0,0,1,0,0,0,0,0,0,0,0,1,0,0,True
52,3,6468,12,0,0,1,0,1,0,0,0,0,0,0,0,0,0,1,0,0,True
30,3,1823,24,0,0,1,0,0,1,0,0,0,0,0,0,0,0,1,0,0,True
44,3,3384,6,0,0,0,1,0,1,0,0,0,0,0,0,0,1,0,0,0,True
23,1,3234,24,1,0,0,1,0,1,0,0,0,0,0,0,0,1,0,0,0,True
29,1,1123,12,1,0,0,1,0,0,0,1,0,0,0,0,0,1,0,0,0,True
45,2,2303,24,0,0,1,0,0,1,0,0,0,0,1,0,0,0,0,0,0,True
19,2,1980,9,1,0,0,1,0,1,0,0,0,0,0,0,0,1,0,0,0,True
48,2,1082,12,0,0,1,0,0,1,0,0,0,0,1,0,0,0,0,0,0,True
46,2,3931,48,0,1,0,0,0,1,0,0,0,0,1,0,0,0,0,0,0,True
55,2,1555,12,0,1,0,0,0,0,0,0,1,0,0,0,0,0,0,1,0,True
22,2,2462,18,0,0,1,0,0,1,0,0,0,0,0,0,0,1,0,0,0,True
26,2,8229,36,0,0,1,0,0,1,0,0,0,0,1,0,0,0,0,0,0,True
30,3,7174,42,1,0,1,0,1,0,0,0,0,0,0,0,0,0,1,0,0,True
32,2,1938,24,0,0,1,0,0,1,0,0,0,0,0,0,0,0,1,0,0,True
44,2,5943,24,1,0,1,0,1,0,0,0,0,0,0,0,0,0,1,0,0,True
22,2,741,12,1,0,1,0,0,0,1,0,0,0,0,1,0,0,0,0,0,True
29,2,2149,12,0,1,0,0,0,1,0,0,0,0,0,0,0,0,1,0,0,True
30,2,639,12,0,0,1,0,0,1,0,0,0,0,0,0,0,0,0,1,0,True
44,2,10127,48,0,1,0,0,0,0,0,1,0,0,1,0,0,0,0,0,0,True
38,2,3914,48,0,0,1,0,1,0,0,0,0,1,0,0,0,0,0,0,0,True
33,2,1042,18,1,0,1,0,1,0,0,0,0,0,1,0,0,0,0,0,0,True
46,2,1223,12,0,0,0,1,0,1,0,0,0,0,1,0,0,0,0,0,0,True
34,3,1501,9,1,0,1,0,0,1,0,0,0,0,0,0,1,0,0,0,0,True
50,2,2671,36,1,1,0,0,0,0,1,0,0,0,0,0,0,0,1,0,0,True
28,3,5234,30,0,0,1,0,0,1,0,0,0,0,1,0,0,0,0,0,0,True
50,2,5293,27,0,0,1,0,0,1,0,0,0,1,0,0,0,0,0,0,0,True
23,1,3234,24,1,0,0,1,0,1,0,0,0,0,0,0,0,1,0,0,0,True
27,2,7980,36,0,0,0,1,1,0,0,0,0,1,0,0,0,0,0,0,0,True
24,2,2124,18,1,0,0,1,0,1,0,0,0,0,0,0,0,1,0,0,0,True
47,2,12612,36,0,1,0,0,0,0,1,0,0,0,0,0,1,0,0,0,0,True
25,2,1264,15,0,0,0,1,0,0,1,0,0,0,1,0,0,0,0,0,0,True
25,2,1295,12,1,0,0,1,0,1,0,0,0,0,1,0,0,0,0,0,0,True
48,1,1240,10,1,1,0,0,0,0,1,0,0,0,1,0,0,0,0,0,0,True
28,2,3060,48,0,0,1,0,0,1,0,0,0,0,0,0,0,0,1,0,0,True
26,3,4463,36,0,0,1,0,0,1,0,0,0,0,0,0,0,0,1,0,0,True
33,2,950,15,0,0,0,1,0,1,0,0,0,0,1,0,0,0,0,0,0,True
25,1,685,12,0,0,1,0,0,1,0,0,0,0,1,0,0,0,0,0,0,True
34,2,6999,48,0,0,1,0,0,1,0,0,0,0,0,0,0,0,1,0,0,True
59,2,6416,48,1,0,0,1,0,1,0,0,0,1,0,0,0,0,0,0,0,True
31,2,2775,18,0,0,1,0,0,1,0,0,0,0,1,0,0,0,0,0,0,True
37,2,1819,36,0,1,0,0,0,1,0,0,0,0,0,0,1,0,0,0,0,True
45,2,2303,24,0,0,1,0,0,1,0,0,0,0,1,0,0,0,0,0,0,True
30,3,7174,42,1,0,1,0,1,0,0,0,0,0,0,0,0,0,1,0,0,True
28,2,939,12,0,0,1,0,0,0,0,1,0,0,1,0,0,0,0,0,0,True
36,2,7297,60,0,0,0,1,0,1,0,0,0,1,0,0,0,0,0,0,0,True
54,2,3051,48,0,0,1,0,0,1,0,0,0,0,0,1,0,0,0,0,0,True
23,2,4281,33,1,0,1,0,0,0,0,1,0,0,0,0,0,1,0,0,0,True
26,3,4463,36,0,0,1,0,0,1,0,0,0,0,0,0,0,0,1,0,0,True
23,2,7127,36,1,0,0,1,0,1,0,0,0,0,0,0,0,1,0,0,0,True
42,2,4153,18,0,0,1,0,0,1,0,0,0,0,0,0,0,1,0,0,0,True
28,1,745,9,1,0,1,0,0,1,0,0,0,0,0,0,0,0,1,0,0,True
32,1,931,6,1,0,1,0,0,0,1,0,0,0,1,0,0,0,0,0,0,True
35,2,691,12,0,0,1,0,0,1,0,0,0,0,1,0,0,0,0,0,0,True
46,2,3931,48,0,1,0,0,0,1,0,0,0,0,1,0,0,0,0,0,0,True
43,2,4057,24,0,0,1,0,0,1,0,0,0,0,0,0,0,1,0,0,0,True
44,3,12579,24,1,1,0,0,0,1,0,0,0,0,1,0,0,0,0,0,0,True
34,3,1501,9,1,0,1,0,0,1,0,0,0,0,0,0,1,0,0,0,0,True
